Shrt_Desc,0
"BUTTER,WITH SALT",0.0
"BUTTER,WHIPPED,WITH SALT",0.0
"BUTTER OIL,ANHYDROUS",0.0
"CHEESE,BLUE",0.0
"CHEESE,BRICK",0.0
"CHEESE,BRIE",0.0
"CHEESE,CAMEMBERT",0.0
"CHEESE,CHEDDAR",0.0
"CHEESE,COLBY",0.0
"CHEESE,COTTAGE,CRMD,LRG OR SML CURD",0.0
"CHEESE,COTTAGE,CRMD,W/FRUIT",0.0
"CHEESE,COTTAGE,NONFAT,UNCRMD,DRY,LRG OR SML CURD",0.0
"CHEESE,COTTAGE,LOWFAT,2% MILKFAT",0.0
"CHEESE,CREAM",0.0
"CHEESE,EDAM",0.0
"CHEESE,FETA",0.0
"CHEESE,FONTINA",0.0
"CHEESE,GOUDA",0.0
"CHEESE,GRUYERE",0.0
"CHEESE,LIMBURGER",0.0
"CHEESE,MONTEREY",0.0
"CHEESE,MOZZARELLA,WHL MILK",0.0
"CHEESE,MOZZARELLA,WHL MILK,LO MOIST",0.0
"CHEESE,MOZZARELLA,PART SKIM MILK",0.0
"CHEESE,MOZZARELLA,PART SKIM MILK,LO MOIST",0.0
"CHEESE,MUENSTER",0.0
"CHEESE,NEUFCHATEL",0.0
"CHEESE,PARMESAN,GRATED",0.0
"CHEESE,PARMESAN,HARD",0.0
"CHEESE,PORT DE SALUT",0.0
"CHEESE,PROVOLONE",0.0
"CHEESE,RICOTTA,WHOLE MILK",0.0
"CHEESE,RICOTTA,PART SKIM MILK",0.0
"CHEESE,ROMANO",0.0
"CHEESE,SWISS",0.0
"CHEESE,PAST PROCESS,SWISS,W/DI NA PO4",0.0
"CHEESE FD,PAST PROCESS,AMERICAN,WO/DI NA PO4",0.0
"CHEESE SPRD,PAST PROCESS,AMERICAN,WO/DI NA PO4",0.0
"CREAM,FLUID,HALF AND HALF",0.0
"CREAM,FLUID,LT (COFFEE CRM OR TABLE CRM)",0.0
"CREAM,FLUID,LT WHIPPING",0.0
"CREAM,FLUID,HVY WHIPPING",0.0
"CREAM,WHIPPED,CRM TOPPING,PRESSURIZED",0.0
"CREAM,SOUR,RED FAT,CULTURED",0.0
"CREAM,SOUR,CULTURED",0.0
EGGNOG,0.0
"SOUR DRSNG,NON-BUTTERFAT,CULTURED,FILLED CREAM-TYPE",0.0
"MILK,FILLED,FLUID,W/LAURIC ACID OIL",0.0
"CREAM SUB,LIQ,W/HYDR VEG OIL&SOY PROT",0.0
"CREAM SUBSTITUTE,POWDERED",0.0
"DESSERT TOPPING,POWDERED",0.0
"DESSERT TOPPING,PDR,1.5 OZ PREP W/1/2 CUP MILK",0.0
"DESSERT TOPPING,PRESSURIZED",0.0
"DESSERT TOPPING,SEMI SOLID,FRZ",0.0
"SOUR CRM,IMITN,CULTURED",0.0
"MILK,NONFAT,FLUID,W/ ADDED NONFAT MILK SOL,VIT A & VIT D",0.0
"MILK,BTTRMLK,FLUID,CULTURED,LOWFAT",0.0
"MILK,LO NA,FLUID",0.0
"MILK,BUTTERMILK,DRIED",0.0
"MILK,CND,COND,SWTND",0.0
"MILK,CND,EVAP,W/ ADDED VITAMIN D & WO/ ADDED VIT A",0.0
"MILK,CND,EVAP,NONFAT,W/ ADDED VIT A & VITAMIN D",0.0
"MILK,CHOC,FLUID,COMM,WHL,W/ ADDED VIT A & VITAMIN D",0.0
"MILK,CHOC,FLUID,COMM,RED FAT,W/ ADDED VIT A & VITAMIN D",0.0
"MILK,CHOC,FLUID,COMM,LOWFAT,W/ ADDED VIT A & VITAMIN D",0.0
"MILK,CHOC BEV,HOT COCOA,HOMEMADE",0.0
"MILK,GOAT,FLUID,W/ ADDED VITAMIN D",0.0
"MILK,HUMAN,MATURE,FLUID",0.0
"MILK SHAKES,THICK CHOC",0.0
"MILK SHAKES,THICK VANILLA",0.0
"WHEY,ACID,FLUID",0.2984310825484897
"WHEY,ACID,DRIED",0.0
"WHEY,SWEET,FLUID",0.14869126955460388
"WHEY,SWEET,DRIED",0.0
"YOGURT,PLN,WHL MILK,8 GRAMS PROT PER 8 OZ",0.0
"YOGURT,PLN,LOFAT,12 GRAMS PROT PER 8 OZ",0.0
"YOGURT,PLN,SKIM MILK,13 GRAMS PROT PER 8 OZ",0.0
"EGG,WHL,RAW,FRSH",0.0
"EGG,WHITE,RAW,FRESH",0.0
"EGG,YOLK,RAW,FRSH",0.0
"EGG,YOLK,RAW,FROZEN",0.0
"EGG,WHL,CKD,FRIED",0.0
"EGG,WHL,CKD,HARD-BOILED",0.0
"EGG,WHOLE,COOKED,OMELET",0.0
"EGG,WHL,CKD,POACHED",0.0
"EGG,WHL,CKD,SCRMBLD",0.0
"EGG,WHOLE,DRIED",0.0
"EGG,WHITE,DRIED,FLAKES,GLUCOSE RED",0.0
"EGG,WHITE,DRIED,PDR,GLUCOSE RED",0.0
"EGG,YOLK,DRIED",0.0
"EGG,DUCK,WHOLE,FRESH,RAW",0.0
"EGG,GOOSE,WHOLE,FRESH,RAW",0.0
"EGG,QUAIL,WHOLE,FRESH,RAW",0.0
"EGG SUBSTITUTE,POWDER",0.0
"BUTTER,WITHOUT SALT",0.0
"CHEESE,PARMESAN,SHREDDED",0.0
"CHEESE,PAST PROCESS,AMERICAN,WO/DI NA PO4",0.0
"CHEESE FD,PAST PROCESS,AMERICAN,W/DI NA PO4",0.0
"CHEESE,GOAT,HARD TYPE",0.0
"CHEESE,GOAT,SEMISOFT TYPE",0.0
"CHEESE,GOAT,SOFT TYPE",0.0
"CHEESE SUB,MOZZARELLA",0.0
"CHEESE SAU,PREP FROM RECIPE",0.0
"CHEESE,MEXICAN,QUESO ANEJO",0.0
"CHEESE,MEXICAN,QUESO ASADERO",0.0
"CHEESE,MEXICAN,QUESO CHIHUAHUA",0.0
"CHEESE,LOFAT,CHEDDAR OR COLBY",0.0
"CHEESE,LOW-SODIUM,CHEDDAR OR COLBY",0.0
"EGG,WHITE,DRIED",0.0
"SOUR CREAM,REDUCED FAT",0.0
"SOUR CREAM,LIGHT",0.0
"SOUR CREAM,FAT FREE",0.0
"USDA COMMODITY,CHS,CHEDDAR,RED FAT",0.0
"PARMESAN CHS TOPPING,FAT FREE",0.0
"CHEESE,CREAM,FAT FREE",0.0
"CREAM,HALF & HALF,FAT FREE",0.0
REDDI WIP FAT FREE WHIPPED TOPPING,0.0
"MILK,CHOC,FLUID,COMM,RED FAT,W/ ADDED CA",0.0
"CHEESE,PARMESAN,DRY GRATED,RED FAT",0.0
"CREAM SUB,FLAV,LIQ",0.0
"CREAM SUB,FLAV,PDR",0.0
"CHEESE,PROVOLONE,RED FAT",0.0
"CHEESE,MEXICAN,BLEND,RED FAT",0.0
"MILK,CND,EVAP,WO/ ADDED VIT A & VITAMIN D",0.0
"PROTEIN SUPP,MILK BSD,MUSCLE MILK,PDR",0.0
"PROTEIN SUPP,MILK BSD,MUSCLE MILK LT,PDR",0.0
"EGG SUB,LIQ OR FRZ,FAT FREE",0.0
"IMITATION CHS,AMERICAN OR CHEDDAR,LO CHOL",0.0
"WHIPPED TOPPING,FRZ,LOFAT",0.0
"CREAM SUB,PDR,LT",0.0
"CREAM SUB,LIQ,LT",0.0
"CHEESE,MONTEREY,LOW FAT",0.0
"CHEESE,PAST PROCESS,CHEDDAR OR AMERICAN,FAT-FREE",0.0
"CHEESE,COTTAGE,LOWFAT,1% MILKFAT,LACTOSE RED",0.0
"MILK,FLUID,NONFAT,CA FORT (FAT FREE OR SKIM)",0.010786906535989793
"CHEESE,MUENSTER,LOW FAT",0.0
"CHEESE,MOZZARELLA,NON-FAT",0.0
"BEVERAGE,MILKSHAKE MIX,DRY,NOT CHOC",0.0
"BEVERAGE,INST BRKFST PDR,CHOC,NOT RECON",0.0
"BEVERAGE,INST BRKFST PDR,CHOC,SUGAR-FREE,NOT RECON",0.0
"WHIPPED CRM SUB,DIETETIC,MADE FROM PDR MIX",0.0
"CHEESE,COTTAGE,W/VEG",0.0
"CHEESE,CREAM,LOW FAT",0.0
"CHEESE,PAST PROCESS,AMERICAN,LOFAT",0.0
"CHEESE SPRD,CRM CHS BASE",0.0
"CHEESE,AMERICAN CHEDDAR,IMITN",0.0
"EGGS,SCRMBLD,FRZ MIXTURE",0.0
"CHEESE,PARMESAN,LO NA",0.0
"CHEESE,PAST PROCESS,SWISS,LOFAT",0.0
"CHEESE,COTTAGE,LOWFAT,1% MILKFAT,W/VEG",0.0
"CHEESE,PAST PROCESS,CHEDDAR OR AMERICAN,LO NA",0.0
"CHEESE,SWISS,LOW SODIUM",0.0
"ENSURE PLUS,LIQ NUTR",0.0
"MILK,IMITATION,NON-SOY",0.0
"CHEESE,SWISS,LOW FAT",0.0
"CHEESE,MOZZARELLA,LO NA",0.0
"CHEESE FOOD,IMITATION",0.0
"FAT,BEEF TALLOW",0.0
LARD,0.0
"SALAD DRSNG,RUSSIAN DRSNG",0.0
"SALAD DRSNG,SESAME SD DRSNG,REG",0.0
"SALAD DRSNG,1000 ISLAND,COMM,REG",0.0
"SALAD DRSNG,FRENCH DRSNG,RED FAT",0.0
"SALAD DRSNG,ITALIAN DRSNG,RED FAT",0.0
"SALAD DRSNG,RUSSIAN DRSNG,LO CAL",0.0
"SALAD DRSNG,1000 ISLAND DRSNG,RED FAT",0.0
"SALAD DRSNG,MAYO,SOYBN OIL,W/SALT",0.0
"SALAD DRSNG,MAYO,SOYBN&SAFFLOWER OIL,W/SALT",0.0
"SALAD DRSNG,MAYO,IMITN,SOYBN",0.0
"SALAD DRSNG,MAYO,IMITN,SOYBN WO/CHOL",0.0
"SANDWICH SPRD,W/CHOPD PICKLE,REG,UNSPEC OILS",0.0
"SHORTENING,HOUSEHOLD,SOYBN (HYDR) -COTTONSEED (HYDR)",0.0
"OIL,SOYBN,SALAD OR COOKING,(PARTIALLY HYDROGENATED)",0.0
"OIL,RICE BRAN",0.0
"OIL,WHEAT GERM",0.0
"OIL,PNUT,SALAD OR COOKING",0.0
"OIL,SOYBN,SALAD OR COOKING",0.0
"OIL,COCNT",0.0
"OIL,OLIVE,SALAD OR COOKING",0.0
"OIL,PALM",0.0
"OIL,SESAME,SALAD OR COOKING",0.0
"OIL,SUNFLOWER,LINOLEIC (LESS THAN 60%)",0.0
"MARGARINE,REG,HARD,SOYBN (HYDR)",0.0
"SALAD DRSNG,ITALIAN DRSNG,COMM,REG",0.0
"SALAD DRSNG,FRENCH DRSNG,COMM,REG",0.0
"SALAD DRSNG,HOME RECIPE,CKD",0.0
"SALAD DRSNG,HOME RECIPE,VINEGAR&OIL",0.0
"SALAD DRSNG,FRENCH DRSNG,COMM,REG,WO/ SALT",0.0
"SALAD DRSNG,FRENCH DRSNG,RED FAT,WO/ SALT",0.0
"SALAD DRSNG,ITALIAN DRSNG,COMM,REG,WO/ SALT",0.0
"SALAD DRSNG,ITALIAN DRSNG,RED FAT,WO/ SALT",0.0
"SALAD DRSNG,FRENCH DRSNG,FAT-FREE",0.0
"OIL,COCOA BUTTER",0.0
"OIL,CTTNSD,SALAD OR COOKING",0.0
"OIL,SUNFLOWER,LINOLEIC,(APPROX. 65%)",0.0
"OIL,SAFFLOWER,SALAD OR COOKING,LINOLEIC,(OVER 70%)",0.0
"OIL,SAFFLOWER,SALAD OR COOKING,OLEIC,OVER 70%",0.0
"VEGETABLE OIL,PALM KERNEL",0.0
"OIL,POPPYSEED",0.0
"OIL,TOMATOSEED",0.0
"OIL,TEASEED",0.0
"OIL,GRAPESEED",0.0
"OIL,CORN,INDUSTRIAL & RTL,ALLPURP SALAD OR COOKING",0.0
"FAT,MUTTON TALLOW",0.0
"OIL,WALNUT",0.0
"OIL,ALMOND",0.0
"OIL,APRICOT KERNEL",0.0
"OIL,SOYBN LECITHIN",0.0
"OIL,HAZELNUT",0.0
"OIL,BABASSU",0.0
"OIL,SHEANUT",0.0
"SALAD DRSNG,BLUE OR ROQUEFORT CHS DRSNG,COMM,REG",0.0
"OIL,CUPU ASSU",0.0
"FAT,CHICKEN",0.0
"OIL,SOYBN,SALAD OR COOKING,(PARTIALLY HYDROGENATED) & CTTNSD",0.0
"SHORTENING,HOUSEHOLD,LARD&VEG OIL",0.0
"OIL,SUNFLOWER,LINOLEIC,(PARTIALLY HYDROGENATED)",0.0
"SHORTENING BREAD,SOYBN (HYDR)&CTTNSD",0.0
"SHORTENING CAKE MIX,SOYBN (HYDR)&CTTNSD (HYDR)",0.0
"SHORTENING CONFECTIONERY,COCNT (HYDR)&OR PALM KERNEL (HYDR)",0.0
"SHORTENING INDUSTRIAL,SOYBN (HYDR)&CTTNSD",0.0
"SHORTENING FRYING HVY DUTY,SOYBN HYDR,LINOLEIC (LESS THAN 1%",0.0
"OIL,NUTMEG BUTTER",0.0
"OIL,UCUHUBA BUTTER",0.0
"FAT,DUCK",0.0
"FAT,TURKEY",0.0
"OIL,CANOLA",0.0
"OIL,SUNFLOWER,HI OLEIC (70% & OVER)",0.0
"MARGARINE-LIKE,MARGARINE-BUTTER BLEND,SOYBN OIL & BUTTER",0.0
"SHORTENING,SPL PURPOSE FOR CAKES&FROSTINGS,SOYBN (HYDR)",0.0
"SHORTENING,SPL PURPOSE FOR BAKING,SOYBN (HYDR) PALM&CTTNSD",0.0
"OIL,OAT",0.0
"MARGARINE-LIKE,VEG OIL-BUTTER SPRD,TUB,W/ SALT",0.0
"BUTTER,LT,STK,W/SALT",0.0
"BUTTER,LT,STK,WO/SALT",0.0
"MEAT DRIPPINGS (LARD,BF TALLOW,MUTTON TALLOW)",0.0
"ANIMAL FAT,BACON GREASE",0.0
"MARGARINE-LIKE,VEG OIL SPRD,60% FAT,STICK/TUB/BOTTLE,W/ SALT",0.0
"SHORTENING,VEG,HOUSEHOLD,COMP",0.0
"SHORTENING,INSTITUTIONAL,COMP",0.0
"MARGARINE,REG,80% FAT,COMP,TUB,WO/ SALT",0.0
"VEG OIL SPRD,60% FAT,STICK/TUB/BOTTLE,WO/ SALT",0.0
"MARGARINE-LIKE,VEG OIL SPRD,FAT FREE,LIQ,W/ SALT",0.0
"MARGARINE-LIKE SPRD W/ YOGURT,70% FAT,STK,W/ SALT",0.0
"MARGARINE-LIKE SPRD W/ YOGURT,APPROX 40% FAT,TUB,W/ SALT",0.0
"MARGARINE-LIKE,VEG OIL SPRD,FAT-FREE,TUB",0.0
"MARGARINE-LIKE,VEG OIL SPRD,20% FAT,W/ SALT",0.0
"MARGARINE-LIKE,VEG OIL SPRD,20% FAT,WO/ SALT",0.0
"SALAD DRSNG,1000 ISLAND DRSNG,FAT-FREE",0.0
"SALAD DRSNG,ITALIAN DRSNG,FAT-FREE",0.0
"SALAD DRSNG,RANCH DRSNG,COMM,REG",0.0
"SALAD DRSNG,RANCH DRSNG,RED FAT",0.0
"SALAD DRSNG,MAYO,LT",0.0
"OIL,INDUSTRIAL,MID-OLEIC,SUNFLOWER,FRYING & SALAD DRESSINGS",0.0
"OIL,INDUSTRIAL,CANOLA W/ ANTIFOAMING AGENT",0.0
"OIL,INDUSTRIAL,CANOLA FOR SALADS,WOKS & LT FRYING",0.0
"OIL,INDUS,CANOLA (PART HYDROG) OIL FOR DEEP FAT FRYING",0.0
"OIL,INDUSTRIAL,COCNT",0.0
"SHORTENING,INDUS,SOY (PART HYDROG),POURABLE LIQ FRY",0.0
"OIL,INDUSTRIAL,SOY,REFINED,FOR WOKS & LT FRYING",0.0
"OIL,INDUSTRIAL,SOY (PART HYDR),FOR NON-DAIRY BUTTER FLAVOR",0.0
"OIL,INDUSTRIAL,SOY ( PART HYDROGENATED),ALLPURP",0.0
"OIL,INDUSTRIAL,SOY (PART HYDR ) & SOY,POURABLE FRY",0.0
"OIL,INDUS,SOY (PART HYDROG) & CTTNSD,TORTILLA SHORTENING",0.0
"MARGARINE-LIKE SHORTENING,INDUS,SOY(PART  HYDR),CTTNSD,& SOY",0.0
"OIL,INDUSTRIAL,PALM KERNEL,CONFECTION FAT",0.0
"OIL,INDUSTRIAL,PALM KERNEL (HYDROGENATED),CONFECTION FAT",0.0
"OIL,INDUSTRIAL,PALM KERNEL (HYDROGENATED),CONFECTION FAT",0.0
"OIL,INDUSTRIAL,COCNT,CONFECTION FAT,ICE CRM COATINGS",0.0
"OIL,INDUSTRIAL,PALM KERNEL (HYDROG) FOR WHIPPED TOPPINGS",0.0
"OIL,INDUSTRIAL,COCNT (HYDROGENATED),FOR TOPPINGS & WHITENERS",0.0
"OIL,INDUSTRIAL,PALM & PALM KERNEL,FILLING FAT (NON-HYDROG)",0.0
"OIL,INDUSTRIAL,PALM KERNEL (HYDROGENATED),FILLING FAT",0.0
"OIL,INDUSTRIAL,SOY (PARTHYDR ),PALM, ICINGS & FILLINGS",0.0
"MARGARINE,INDUS,NON-DAIRY,CTTNSD,SOY OIL (PART HYDR )",0.0
"SHORTENING,INDUS,SOY (PART HYDR ) FOR BAKING & CONFECTIONS",0.0
"MARGARINE,INDUS,SOY & PART HYDR SOY OIL,BAKING,SAUCES,CANDY",0.0
"USDA CMDTY FD,OIL,VEG,SOYBN,REFINED",0.0
"USDA CMDTY FD,OIL,VEG,LO SATURATED FAT",0.0
"USDA CMDTY FD,SHORTENING,SOYBN & SOYBN (PARTIALLY HYDROG)",0.0
"USDA CMDTY FD,SHORTENING,ALLPURP,SOYBN (PART HYDROG)&CTTNSD",0.0
"MARGARINE-LIKE SPRD,SMART BALANCE REG BUTTERY SPRD",0.0
"MARGARINE-LIKE SPRD,SMART BEAT SUPER LT WO/ SATURATED FAT",0.0
"MARGARINE-LIKE SPRD,SMART BEAT SMART SQUEEZE",0.0
"MARGARINE-LIKE SPRD,SMART BALANCE OMEGA PLUS SPRD",0.0
"OIL,VEG,NATREON CANOLA,HI STABILITY,NON TRANS,HI OLEIC (70%)",0.0
"OIL,PAM COOKING SPRAY,ORIGINAL",0.0
"SALAD DRSNG,HONEY MUSTARD DRSNG,RED CAL",0.0
"SALAD DRSNG,MAYO,LT,SMART BALANCE,OMEGA PLUS LT",0.0
"VEG-OIL SPRD,STICK/TUB/BOTTLE,60% FAT,W/ ADDED VITAMIN D",0.0
"VEG OIL SPRD,60% FAT,STICK/TUB/BOTTLE,WO/ SALT,W/VIT D",0.0
"CREAMY DRSNG,MADE W/SOUR CRM AND/OR BTTRMLK&OIL,RED CAL",0.0
"SALAD DRSNG,PEPPERCORN DRSNG,COMM,REG",0.0
"MAYONNAISE,RED-CAL OR DIET,CHOL-FREE",0.0
"SALAD DRSNG,ITALIAN DRSNG,RED CAL",0.0
"VEGETABLE OIL-BUTTER SPRD,RED CAL",0.0
"SALAD DRSNG,BLUE OR ROQUEFORT CHS DRSNG,RED CAL",0.0
"CRMY DRSG,MDE W/ SOUR CRM AND/OR BTRMLK & OIL,RED CAL,FTFREE",0.0
"CREAMY DRSNG,W/SOUR CRM AND/OR BTTRMLK&OIL,RED CAL,CHOL-FREE",0.0
"SALAD DRSNG,FRENCH DRSNG,RED CAL",0.0
"MAYONNAISE,MADE WITH TOFU",0.0
"SALAD DRSNG,BLUE OR ROQUEFORT CHS DRSNG,FAT-FREE",0.0
"SALAD DRSNG,MAYONNAISE-LIKE,FAT-FREE",0.0
"SALAD DRSNG,COLESLAW DRSNG,RED FAT",0.0
"OIL,FLAXSEED",0.0
"MARGARINE-LIKE,VEG OIL SPRD,STK OR TUB,SWTND",0.0
"OIL,CORN AND CANOLA",0.0
"MARGARINE-LIKE,BUTTER-MARGARINE BLEND,80% FAT,STK,WO/ SALT",0.0
"MARGARINE-LIKE,VEG OIL-BUTTER SPRD,RED CAL,TUB,W/ SALT",0.0
"SALAD DRSNG,CAESAR DRSNG,REG",0.0
"SALAD DRESSING,COLESLAW",0.0
"SALAD DRSNG,GRN GODDESS,REG",0.0
"SALAD DRSNG,SWT&SOUR",0.40883842537708937
"SALAD DRSNG,BLUE OR ROQUEFORT CHS,LO CAL",0.0
"SALAD DRSNG,CAESAR,LO CAL",0.0
"BUTTER REPLCMNT,WO/FAT,PDR",0.0
"SALAD DRSNG,BTTRMLK,LITE",0.0
"SALAD DRSNG,MAYO & MAYONNAISE-TYPE,LO CAL",0.0
"SALAD DRSNG,BACON&TOMATO",0.0
"MAYONNAISE,LO NA,LO CAL OR DIET",0.0
"MAYONNAISE DRSNG,NO CHOL",0.0
"OIL,CORN,PEANUT,AND OLIVE",0.0
"ACEROLA JUICE,RAW",0.3582699608594835
"APPLES,RAW,WITH SKIN",0.0
"APPLES,RAW,WITHOUT SKIN",0.0
"APPLES,RAW,WO/SKN,CKD,BLD",0.0
"APPLES,RAW,WO/ SKN,CKD,MICROWAVE",0.0
"APPLES,DEHYD (LO MOIST),SULFURED,UNCKD",0.0
"APPLES,DRIED,SULFURED,UNCKD",0.0
"APPLES,DRIED,SULFURED,STWD,WO/ SUGAR",0.0
"APPLE JUC,FRZ CONC,UNSWTND,UNDIL,WO/ VIT C",0.0
"APPLE JUC,FRZ CONC,UNSWTND,DIL W/3 VOLUME H2O WO/ VIT C",0.0
"APPLESAUCE,CND,SWTND,WO/ SALT (INCLUDES USDA COMMODITY)",0.0
"APRICOTS,RAW",0.0
"APRICOTS,CND,H2O PK,W/SKN,SOL&LIQUIDS",0.11745919463706844
"APRICOTS,CND,JUC PK,W/SKN,SOL&LIQUIDS",0.0
"APRICOTS,CND,LT SYRUP PK,W/SKN,SOL&LIQUIDS",0.0
"APRICOTS,CND,HVY SYRUP PK,W/SKN,SOL&LIQUIDS",0.0
"APRICOTS,DRIED,SULFURED,UNCKD",0.0
"APRICOTS,DRIED,SULFURED,STWD,WO/ SUGAR",0.0
"APRICOT NECTAR,CND,WO/ VIT C",0.0
"AVOCADOS,RAW,ALL COMM VAR",0.0
"AVOCADOS,RAW,CALIFORNIA",0.0
"AVOCADOS,RAW,FLORIDA",0.0
"BANANAS,RAW",0.0
"BANANAS,DEHYD,OR BANANA PDR",0.0
"BLACKBERRIES,RAW",0.0
"BLACKBERRY JUC,CND",0.0
"BLACKBERRIES,CND,HVY SYRUP,SOL&LIQUIDS",0.0
"BLACKBERRIES,FRZ,UNSWTND",0.0
"BLUEBERRIES,RAW",0.0
"BLUEBERRIES,CND,HVY SYRUP,SOL&LIQUIDS",0.0
"BLUEBERRIES,FRZ,UNSWTND",0.0
"BLUEBERRIES,FRZ,SWTND",0.0
"BOYSENBERRIES,FRZ,UNSWTND",0.0
"BREADFRUIT,RAW",0.0
"CARAMBOLA,(STARFRUIT),RAW",0.0
"CHERIMOYA,RAW",0.0
"CHERRIES,SOUR,RED,RAW",0.0
"CHERRIES,SOUR,RED,CND,H2O PK,SOL&LIQUIDS (INCL USDA CMDTY)",0.0
"CHERRIES,SOUR,RED,CND,HVY SYRUP PK,SOL&LIQUIDS",0.0
"CHERRIES,SOUR,RED,FRZ,UNSWTND",0.0
"CHERRIES,SWEET,RAW",0.0
"CHERRIES,SWT,CND,H2O PK,SOL&LIQUIDS",0.0
"CHERRIES,SWT,CND,JUC PK,SOL&LIQUIDS",0.0
"CHERRIES,SWT,CND,LT SYRUP PK,SOL&LIQUIDS",0.0
"CHERRIES,SWT,CND,PITTED,HVY SYRUP PK,SOL & LIQUIDS",0.0
"CHERRIES,SWT,FRZ,SWTND",0.0
"CRANBERRIES,RAW",0.0
"CRANBERRIES,DRIED,SWTND",0.0
"CRANBERRY SAU,CND,SWTND",0.0
"CURRANTS,RED&WHITE,RAW",0.0
"CURRANTS,ZANTE,DRIED",0.0
"DATES,DEGLET NOOR",0.0
"FIGS,RAW",0.0
"FIGS,CND,H2O PK,SOL&LIQUIDS",0.0
"FIGS,CND,LT SYRUP PK,SOL&LIQUIDS",0.0
"FIGS,CND,HVY SYRUP PK,SOL&LIQUIDS",0.0
"FIGS,DRIED,UNCOOKED",0.0
"FIGS,DRIED,STEWED",0.0
"FRUIT COCKTAIL,CND,JUC PK,SOL&LIQUIDS",0.0
"FRUIT COCKTAIL,CND,LT SYRUP,SOL&LIQUIDS",0.0
"GRAPEFRUIT,RAW,PINK&RED&WHITE,ALL AREAS",0.0
"GRAPEFRUIT,RAW,PINK&RED,ALL AREAS",0.0
"GRAPEFRUIT,RAW,WHITE,ALL AREAS",0.0
"GRAPEFRUIT,SECTIONS,CND,H2O PK,SOL&LIQUIDS",0.0
"GRAPEFRUIT,SECTIONS,CND,LT SYRUP PK,SOL&LIQUIDS",0.0
"GRAPEFRUIT JUC,WHITE,CND,UNSWTND",0.0
"GRAPEFRUIT JUC,WHITE,CND,SWTND",0.0
"GRAPEFRUIT JUC,WHITE,FRZ CONC,UNSWTND,UNDIL",0.0
"GRAPEFRUIT JUC,WHITE,FRZ CONC,UNSWTND,DIL W/ 3 VOLUME H2O",0.0
"GRAPEFRUIT JUC,WHITE,RAW",0.0
"GRAPES,AMERICAN TYPE (SLIP SKN),RAW",0.0
"GRAPES,RED OR GRN (EURO TYPE,SUCH AS THOMPSON SEEDLESS),RAW",0.0
"GRAPES,CND,THOMPSON SEEDLESS,H2O PK,SOL&LIQUIDS",0.0
"GRAPES,CND,THOMPSON SEEDLESS,HVY SYRUP PK,SOL&LIQUIDS",0.0
"GRAPE JUC COCKTAIL,FRZ CONC,UNDIL,W/ ADDED VIT C",0.0
"GUAVAS,COMMON,RAW",0.0
"GUAVA SAUCE,COOKED",0.0
"KIWIFRUIT,GRN,RAW",0.0
"KUMQUATS,RAW",0.0
"LEMONS,RAW,WITHOUT PEEL",0.0
"LEMON JUICE,RAW",0.0
"LEMON JUC,CND OR BTLD",0.2518340938557344
"LEMON JUC,FRZ,UNSWTND,SINGLE STRENGTH",0.19104771929125963
"LEMON PEEL,RAW",0.0
"LIMES,RAW",0.0
"LIME JUICE,RAW",0.1750023636948832
"LIME JUC,CND OR BTLD,UNSWTND",0.18980413148877773
"LITCHIS,RAW",0.0
"LITCHIS,DRIED",0.0
"LOGANBERRIES,FROZEN",0.0
"MANGOS,RAW",0.0
"MELONS,CANTALOUPE,RAW",0.0
"MELONS,CASABA,RAW",0.0
"MELONS,HONEYDEW,RAW",0.0
"MULBERRIES,RAW",0.0
"NECTARINES,RAW",0.0
"OLIVES,RIPE,CND (SMALL-EXTRA LRG)",0.0
"OLIVES,RIPE,CND (JUMBO-SUPER COLOSSAL)",0.0
"OLIVES,PICKLED,CND OR BTLD,GRN",0.0
"ORANGES,RAW,ALL COMM VAR",0.0
"ORANGES,RAW,NAVELS",0.0
"ORANGES,RAW,FLORIDA",0.0
"ORANGE JUC,CND,UNSWTND",0.0
"ORANGE JUC,CHILLED,INCL FROM CONC",0.0
"ORANGE JUC,FRZ CONC,UNSWTND,UNDIL",0.0
"TANGERINES,(MANDARIN ORANGES),RAW",0.0
"TANGERINES,(MANDARIN ORANGES),CND,LT SYRUP PK",0.0
"TANGERINE JUC,CND,SWTND",0.0
"PAPAYAS,RAW",0.0
"PAPAYA NECTAR,CANNED",0.0
"PASSION-FRUIT,(GRANADILLA),PURPLE,RAW",0.0
"PASSION-FRUIT JUC,PURPLE,RAW",0.0
"PEACHES,RAW",0.0
"PEACHES,CND,H2O PK,SOL&LIQUIDS",0.1981363415373707
"PEACHES,CND,JUC PK,SOL&LIQUIDS",0.0
"PEACHES,CND,LT SYRUP PK,SOL&LIQUIDS",0.0
"PEACHES,CND,HVY SYRUP PK,SOL&LIQUIDS",0.0
"PEACHES,SPICED,CND,HVY SYRUP PK,SOL&LIQUIDS",0.0
"PEACHES,DRIED,SULFURED,UNCKD",0.0
"PEACHES,DRIED,SULFURED,STWD,WO/ SUGAR",0.0
"PEACHES,FRZ,SLICED,SWTND",0.0
"PEACH NECTAR,CND,WO/ VIT C",0.0
"PEARS,RAW",0.0
"PEARS,CND,H2O PK,SOL&LIQUIDS",0.0010658139899781816
"PEARS,CND,LT SYRUP PK,SOL&LIQUIDS",0.0
"PEARS,CND,HVY SYRUP PK,SOL&LIQUIDS",0.0
"PEARS,DRIED,SULFURED,UNCKD",0.0
"PEARS,DRIED,SULFURED,STWD,WO/ SUGAR",0.0
"PEAR NECTAR,CND,WO/ VIT C",0.0
"PERSIMMONS,JAPANESE,RAW",0.0
"PINEAPPLE,CND,JUC PK,SOL&LIQUIDS",0.0
"PINEAPPLE,CND,LT SYRUP PK,SOL&LIQUIDS",0.0
"PINEAPPLE,CND,HVY SYRUP PK,SOL&LIQUIDS",0.0
"PINEAPPLE,FRZ,CHUNKS,SWTND",0.0
"PINEAPPLE JUC,FRZ CONC,UNSWTND,UNDIL",0.0
"PINEAPPLE JUC,FRZ CONC,UNSWTND,DIL W/3 VOLUME H2O",0.0
"PLANTAINS,RAW",0.0
"PLANTAINS,COOKED",0.0
"PLUMS,RAW",0.0
"PLUMS,CND,PURPLE,H2O PK,SOL&LIQUIDS",0.0
"PLUMS,CND,PURPLE,JUC PK,SOL&LIQUIDS",0.0
"PLUMS,CND,PURPLE,LT SYRUP PK,SOL&LIQUIDS",0.0
"PLUMS,CND,PURPLE,HVY SYRUP PK,SOL&LIQUIDS",0.0
"POMEGRANATES,RAW",0.0
"PLUMS,DRIED (PRUNES),UNCKD",0.0
"PLUMS,DRIED (PRUNES),STWD,WO/ ADDED SUGAR",0.0
"PRUNE JUICE,CANNED",0.0
"RAISINS,GOLDEN SEEDLESS",0.0
"RAISINS,SEEDLESS",0.0
"RASPBERRIES,RAW",0.0
"RASPBERRIES,CND,RED,HVY SYRUP PK,SOL&LIQUIDS",0.0
"RASPBERRIES,FRZ,RED,SWTND",0.0
"RHUBARB,RAW",0.3410539368109964
"RHUBARB,FROZEN,UNCOOKED",0.27982590632012005
"RHUBARB,FRZ,CKD,W/SUGAR",0.0
"SOURSOP,RAW",0.0
"STRAWBERRIES,RAW",0.0
"STRAWBERRIES,CND,HVY SYRUP PK,SOL&LIQUIDS",0.0
"STRAWBERRIES,FRZ,UNSWTND",0.0
"STRAWBERRIES,FRZ,SWTND,WHL",0.0
"STRAWBERRIES,FRZ,SWTND,SLICED",0.0
"TAMARINDS,RAW",0.0
"WATERMELON,RAW",0.0
"MARASCHINO CHERRIES,CND,DRND",0.0
"PEARS,ASIAN,RAW",0.0
"FRUIT COCKTAIL,CND,HVY SYRUP,DRND",0.0
"BLUEBERRIES,CND,LT SYRUP,DRND",0.0
"PINEAPPLE,CND,JUC PK,DRND",0.0
"APRICOTS,CND,HVY SYRUP,DRND",0.0
"CHERRIES,SWT,CND,PITTED,HVY SYRUP,DRND",0.0
"PEACHES,CND,HVY SYRUP,DRND",0.0
"PEARS,CND,HVY SYRUP,DRND",0.0
"PLUMS,CND,HVY SYRUP,DRND",0.0
"TANGERINES,(MANDARIN ORANGES),CND,JUC PK,DRND",0.0
CANDIED FRUIT,0.0
"GUANABANA NECTAR,CND",0.0
"POMEGRANATE JUC,BTLD",0.0
"JUICE,APPL,GRAPE & PEAR BLEND,W/ ADDED VIT C & CA",0.0
"KIWIFRUIT,GOLD,RAW",0.0
"PLANTAINS,GRN,FRIED",0.0
"PLANTAINS,YEL,FRIED,LATINO RESTAURANT",0.0
ORANGE-STRAWBERRY-BANANA JUC,0.0
"CRANBERRY JUC,UNSWTND",0.0
"ALFALFA SEEDS,SPROUTED,RAW",0.21270190659681898
"ARTICHOKES,(GLOBE OR FRENCH),RAW",0.0
"ASPARAGUS,RAW",0.30611375935951557
"ASPARAGUS,CND,DRND SOL",0.3463470070477843
"BALSAM-PEAR (BITTER GOURD),LEAFY TIPS,CKD,BLD,DRND,WO/SALT",0.0
"BAMBOO SHOOTS,RAW",0.14479017153038853
"BAMBOO SHOOTS,CND,DRND SOL",0.41025391580278203
"LIMA BNS,IMMAT SEEDS,RAW",0.0
"LIMA BNS,IMMAT SEEDS,FRZ,FORDHOOK,UNPREP",0.0
"MUNG BNS,MATURE SEEDS,SPROUTED,RAW",0.0
"MUNG BNS,MATURE SEEDS,SPROUTED,CKD,BLD,DRND,WO/SALT",0.2082426289717212
"BEANS,SHELLIE,CND,SOL & LIQUIDS",0.0
"BEANS,SNAP,GREEN,RAW",0.0
"BEANS,SNAP,GRN,CND,REG PK,DRND SOL",0.2077598415837807
"BEANS,SNAP,GRN,FRZ,ALL STYLES,UNPREP",0.0
"BEANS,SNAP,GRN,FRZ,ALL STYLES,MICROWAVED",0.0
"BEETS,RAW",0.0
"BEETS,CND,REG PK,SOL&LIQUIDS",0.0
"BEETS,CND,DRND SOL",0.0
"BEET GREENS,RAW",0.0
"BROCCOLI,RAW",0.0
"BROCCOLI,FRZ,SPEARS,UNPREP",0.026859077901672634
"BROCCOLI RAAB,RAW",0.24909781429211275
"BROCCOLI RAAB,CKD",0.0
"BRUSSELS SPROUTS,RAW",0.0
"BURDOCK ROOT,RAW",0.0
"BURDOCK ROOT,CKD,BLD,DRND,WO/SALT",0.0
"CABBAGE,RAW",0.08458051178942405
"CABBAGE,RED,RAW",0.0
"CABBAGE,SAVOY,RAW",0.05596713449858548
"CABBAGE,CHINESE (PE-TSAI),RAW",0.49166311826179143
"CARROTS,RAW",0.0
"CARROTS,FROZEN,UNPREPARED",0.0
"CASSAVA,RAW",0.0
"CAULIFLOWER,RAW",0.15583803999693924
"CAULIFLOWER,FRZ,UNPREP",0.15666687493303133
"CAULIFLOWER,FRZ,CKD,BLD,DRND,WO/SALT",0.32632139736818466
"CELERIAC,RAW",0.0
"CHARD,SWISS,RAW",0.318137872593133
"CHARD,SWISS,CKD,BLD,DRND,WO/SALT",0.2783695612422745
"CHICORY GREENS,RAW",0.08325527161107349
"CHICORY ROOTS,RAW",0.0
"CHIVES,RAW",0.0
"CHRYSANTHEMUM,GARLAND,CKD,BLD,DRND,WO/SALT",0.27287398684489794
"COLLARDS,RAW",0.0
"COLLARDS,FRZ,CHOPD,CKD,BLD,DRND,WO/SALT",0.0
"CORIANDER (CILANTRO) LEAVES,RAW",0.20975504739641515
"CORN,SWT,YEL,RAW",0.0
"CORN,SWT,YEL,CND,WHL KERNEL,DRND SOL",0.0
"CORN,SWT,YEL,FRZ,KRNLS CUT OFF COB,UNPREP",0.0
"CORN,SWT,YEL,FRZ,KRNLS CUT OFF COB,BLD,DRND,WO/SALT",0.0
"CORN,SWT,YEL,FRZ,KRNLS ON COB,UNPREP",0.0
"CORN,YEL,WHL KERNEL,FRZ,MICROWAVED",0.0
"COWPEAS (BLACKEYES),IMMAT SEEDS,RAW",0.0
"COWPEAS (BLACKEYES),IMMAT SEEDS,CKD,BLD,DRND,WO/SALT",0.0
"COWPEAS (BLACKEYES),IMMTRE SEEDS,FRZ,CKD,BLD,DRND,WO/SALT",0.0
"CRESS,GARDEN,RAW",0.0
"CUCUMBER,WITH PEEL,RAW",0.5635598042729768
"CUCUMBER,PEELED,RAW",0.6804660612303071
"DANDELION GREENS,RAW",0.0
"DANDELION GRNS,CKD,BLD,DRND,WO/SALT",0.0
"EGGPLANT,RAW",0.1343896726588003
"EGGPLANT,CKD,BLD,DRND,WO/SALT",0.0
"EDAMAME,FRZ,PREP",0.0
"ENDIVE,RAW",0.36125482905809925
"GARLIC,RAW",0.0
"GINGER ROOT,RAW",0.0
"HORSERADISH-TREE,LEAFY TIPS,CKD,BLD,DRND,WO/SALT",0.0
"JERUSALEM-ARTICHOKES,RAW",0.0
"MUSHROOMS,MOREL,RAW",0.0
"KOHLRABI,RAW",0.0
"LEEKS,(BULB&LOWER LEAF-PORTION),RAW",0.0
"LETTUCE,COS OR ROMAINE,RAW",0.396990787481065
"LETTUCE,GRN LEAF,RAW",0.4435358234661404
"LOTUS ROOT,CKD,BLD,DRND,WO/SALT",0.0
"MUSHROOMS,WHITE,RAW",0.25047332971274194
"MUSHROOMS,WHITE,STIR-FRIED",0.215734058222532
"MUSHROOMS,CND,DRND SOL",0.0
"MUSHROOMS,PORTABELLA,RAW",0.12456034572541697
"MUSHROOMS,BROWN,ITALIAN,OR CRIMINI,RAW",0.29973857732835363
"MUSHROOMS,SHIITAKE,STIR-FRIED",0.0
"MUSHROOMS,SHIITAKE,DRIED",0.0
"OKRA,RAW",0.0
"OKRA,FROZEN,UNPREPARED",0.0
"ONIONS,RAW",0.0
"ONIONS,CKD,BLD,DRND,WO/SALT",0.0
"ONIONS,DEHYDRATED FLAKES",0.0
"ONIONS,CND,SOL&LIQUIDS",0.38187780271360694
"ONIONS,FRZ,WHL,UNPREP",0.0
"ONIONS,SPRING OR SCALLIONS (INCL TOPS&BULB),RAW",0.0
"ONIONS,YOUNG GRN,TOPS ONLY",0.021471466431665753
"PARSLEY,RAW",0.0
"PARSNIPS,RAW",0.0
"PEAS,EDIBLE-PODDED,RAW",0.0
"PEAS,EDIBLE-PODDED,BLD,DRND,WO/ SALT",0.0
"PEAS,EDIBLE-PODDED,FRZ,CKD,BLD,DRND,WO/SALT",0.0
"PEAS,GREEN,RAW",0.0
"PEAS,GRN (INCLUDES BABY & LESUER TYPES),CND,DRND SOL,UNPREP",0.0
"PEAS,GRN,FRZ,UNPREP",0.0
"PEPPERS,SWT,GRN,RAW",0.32694115997487216
"PEPPERS,SWT,GRN,SAUTEED",0.0
"PIGEONPEAS,IMMAT SEEDS,RAW",0.0
POI,0.0
"POKEBERRY SHOOTS,(POKE),CKD,BLD,DRND,WO/SALT",0.36309497618244535
"POTATO,FLESH & SKN,RAW",0.0
"POTATOES,RUSSET,FLESH & SKN,RAW",0.0
"POTATOES,WHITE,FLESH & SKN,RAW",0.0
"POTATOES,RED,FLESH & SKN,RAW",0.0
"POTATOES,RUSSET,FLESH & SKN,BKD",0.0
"POTATOES,WHITE,FLESH & SKN,BKD",0.0
"POTATOES,RED,FLESH & SKN,BKD",0.0
"POTATOES,FR FR,CRNKL OR REG,SALT ADDED IN PROC,FRZ,AS PURCH",0.0
"POTATOES,FR FR,CRNKL/REG CUT,SALT ADDED IN PROC,FRZ,OVEN-HTD",0.0
"POTATOES,HASHED BROWN,HOME-PREPARED",0.0
"POTATOES,MSHD,HOME-PREPARED,WHL MILK & MARGARINE ADDED",0.0
"POTATOES,MSHD,DEHYD,FLAKES WO/MILK,DRY FORM",0.0
"POTATOES,MSHD,DEHYD,PREP FROM FLAKES WO/ MILK,WHL MILK & BUT",0.0
"POTATOES,MSHD,DEHYD,GRANULES WO/MILK,DRY FORM",0.0
"POTATOES,MSHD,DEHYD,GRANULES W/MILK,DRY FORM",0.0
"POTATOES,MSHD,DEHYD,PREP FROM GRAN W/ MILK,H2O & MARG ADDED",0.0
"POTATOES,HASHED BROWN,FRZ,PLN,PREP",0.0
"POTATOES,FRENCH FR,SHOESTRING,SALT ADDED IN PROC,FRZ,AS PRCH",0.0
"POTATOES,FRENCH FR,SHOESTRNG,SALT ADDED IN PROC,FRZ,OVEN-HTD",0.0
"POTATO PUFFS,FRZ,UNPREP",0.0
"POTATO PUFFS,FRZ,OVEN-HEATED",0.0
"POTATOES,FRZ,WHL,UNPREP",0.0
"POTATOES,FRENCH FR,ALL TYPES,SALT ADDED IN PROC,FRZ,UNPREP",0.0
"POTATOES,FRENCH FR,ALL TYPES,SALT ADDED IN PROC,FRZ,OVEN HTD",0.0
"USDA COMMODITY,POTATO WEDGES,FRZ",0.0
"POTATOES,FRENCH FR,STK FRIES,SALT ADDED IN PROC,FRZ,AS PRCH",0.0
"POTATOES,FRENCH FR,STK FRIES,SALT ADDED IN PROC,FRZ,OVEN-HTD",0.0
POTATO FLOUR,0.0
"PUMPKIN,RAW",0.20130118129686636
"RUTABAGAS,RAW",0.0
"RUTABAGAS,CKD,BLD,DRND,WO/SALT",0.0
"SALSIFY,CKD,BLD,DRND,WO/SALT",0.0
"SAUERKRAUT,CND,SOL&LIQUIDS",0.2130417040374164
"SEAWEED,AGAR,RAW",0.0
"SEAWEED,IRISHMOSS,RAW",0.0
"SEAWEED,KELP,RAW",0.0
"SEAWEED,LAVER,RAW",0.0
"SPINACH,FRZ,CHOPD OR LEAF,UNPREP",0.02314401969142388
"SPINACH,FRZ,CHOPD OR LEAF,CKD,BLD,DRND,WO/SALT",0.0
"SQUASH,SMMR,CROOKNECK&STRAIGHTNECK,RAW",0.42303182168679143
"SQUASH,SMMR,CROOKNECK & STRAIGHTNECK,CKD,BLD,DRND,WO/ SALT",0.2214201107581406
"SQUASH,SMMR,CROOKNECK&STRAIGHTNECK,CND,DRND,SOLID,WO/SALT",0.5097064071839377
"SQUASH,SMMR,ZUCCHINI,INCL SKN,RAW",0.4429220911510665
"SQUASH,WNTR,BUTTERNUT,RAW",0.0
"SQUASH,WNTR,BUTTERNUT,FRZ,UNPREP",0.0
"SWEET POTATO,RAW,UNPREP",0.0
"SWEET POTATO,CKD,BKD IN SKN,WO/ SALT",0.0
"SWEET POTATO,CKD,BLD,WO/ SKN",0.0
"SWEETPOTATO,CND,VACUUM PK",0.0
"SWEET POTATO,CND,MSHD",0.0
"SWEET POTATO,FRZ,CKD,BKD,WO/ SALT",0.0
"TARO,RAW",0.0
"TARO LEAVES,RAW",0.0
"TOMATOES,GREEN,RAW",0.23151849039208017
"TOMATO PRODUCTS,CND,PASTE,WO/ SALT ADDED",0.0
TOMATO POWDER,0.0
"TOMATO PRODUCTS,CND,SAU",0.14473924359072043
"TOMATO PRODUCTS,CND,SAU,W/MUSHROOMS",0.0
"TOMATO PRODUCTS,CND,SAU,W/ONIONS,GRN PEPPERS,&CELERY",0.0
"TURNIPS,RAW",0.01988997070405496
"TURNIPS,FRZ,CKD,BLD,DRND,WO/SALT",0.19316192339210225
"TURNIP GREENS,RAW",0.0
"TURNIP GRNS&TURNIPS,FRZ,CKD,BLD,DRND,WO/SALT",0.0
"VEGETABLE JUC COCKTAIL,CND",0.34005620086090893
"VEGETABLES,MXD,CND,DRND SOL",0.0
"VEGETABLES,MXD,FRZ,CKD,BLD,DRND,WO/SALT",0.0
"WATERCHESTNUTS,CHINESE,(MATAI),RAW",0.0
"WATERCHESTNUTS,CHINESE,CND,SOL&LIQUIDS",0.0
"WATERCRESS,RAW",0.6632736826774348
"WAXGOURD,(CHINESE PRESERVING MELON),CKD,BLD,DRND,WO/SALT",0.5897573980280253
"YAM,RAW",0.0
"YAM,CKD,BLD,DRND,OR BKD,WO/SALT",0.0
"YAMBEAN (JICAMA),RAW",0.0
"BEETS,PICKLED,CND,SOL&LIQUIDS",0.0
"BEANS,MUNG,MATURE SEEDS,SPROUTED,CND,DRND SOL",0.5385797174669582
"PEPPERS,JALAPENO,CND,SOL&LIQUIDS",0.0
"PEPPERS,SWT,GRN,FREEZE-DRIED",0.0
"SQUASH,SMMR,ALL VAR,RAW",0.4919367548656881
"SQUASH,WNTR,ALL VAR,RAW",0.0
"SQUASH,WNTR,ALL VAR,CKD,BKD,WO/SALT",0.0
"SWEET POTATO,CND,SYRUP PK,SOL & LIQUIDS",0.0
"SWEET POTATO,CND,SYRUP PK,DRND SOL",0.0
"CARROT JUICE,CANNED",0.0
"CORN PUDD,HOME PREP",0.0
"POTATOES,MSHD,HOME-PREPARED,WHL MILK ADDED",0.0
SPINACH SOUFFLE,0.0
"SEAWEED,AGAR,DRIED",0.0
"SEAWEED,SPIRULINA,DRIED",0.0
"SEAWEED,WAKAME,RAW",0.0
"PEPPERS,HOT CHILI,GRN,RAW",0.0
POTATO PANCAKES,0.0
"CARROT,DEHYDRATED",0.0
"ASPARAGUS,CND,NO SALT,SOL&LIQUIDS",0.5310238405455472
"LIMA BNS,IMMAT SEEDS,CND,NO SALT,SOL&LIQUIDS",0.0
"MUNG BNS,MATURE SEEDS,SPROUTED,CKD,BLD,DRND,W/SALT",0.2889636504937956
"BEANS,SNAP,GRN,CND,NO SALT,DRND SOL",0.3503637201209351
"BEETS,CND,NO SALT,SOL&LIQUIDS",0.19611454588798338
"CAULIFLOWER,FRZ,CKD,BLD,DRND,W/SALT",0.32455844400164224
"CORN,SWT,YEL,FRZ,KRNLS,CUT OFF COB,BLD,DRND,W/SALT",0.0
"COWPEAS (BLACKEYES),IMMAT SEEDS,CKD,BLD,DRND,W/SALT",0.0
"COWPEAS (BLACKEYES),IMMAT SEEDS,FRZ,CKD,BLD,DRND,W/SALT",0.0
"EGGPLANT,CKD,BLD,DRND,W/SALT",0.0
"ONIONS,CKD,BLD,DRND,W/SALT",0.0
"PEAS,EDIBLE-PODDED,CKD,BLD,DRND,W/SALT",0.0
"PEAS,EDIBLE-PODDED,FRZ,CKD,BLD,DRND,W/SALT",0.0
"PEAS,GRN,CND,NO SALT,DRND SOL",0.0
"PEAS&CARROTS,CND,NO SALT,SOL&LIQUIDS",0.0
"PEPPERS,HOT CHILI,RED,RAW",0.0
"PEPPERS,SWT,RED,RAW",0.0009911055199758323
"PEPPERS,SWT,RED,CKD,BLD,DRND,WO/SALT",0.12506708640225384
"PEPPERS,SWT,RED,CKD,BLD,DRND,W/SALT",0.10867864621584467
"POTATOES,FR FR,ALL TYPES,SALT NOT ADDED IN PROC,FRZ,OVN-HTD",0.0
"POTATOES,FR FR,ALL TYPES,SALT NOT ADDED IN PROC,FRZ,AS PURCH",0.0
"SQUASH,WNTR,ALL VAR,CKD,BKD,W/SALT",0.0
"SWEET POTATO,CKD,BKD IN SKN,W/ SALT",0.0
"TOMATO PRODUCTS,CND,PASTE,W/SALT",0.0
"TURNIPS,FRZ,CKD,BLD,DRND,W/SALT",0.20348278153353494
"TURNIP GRNS&TURNIPS,FRZ,CKD,BLD,DRND,W/SALT",0.0
"VEGETABLES,MXD,FRZ,CKD,BLD,DRND,W/SALT",0.0
"YAM,CKD,BLD,DRND,OR BKD,W/SALT",0.0
"CORN,SWEET,WHITE,RAW",0.0
"CORN,SWT,WHITE,CND,WHL KERNEL,DRND SOL",0.0
"PEPPERS,SWT,RED,FRZ,CHOPD,UNPREP",0.3161956705501998
"PEPPERS,SWT,RED,SAUTEED",0.0
"PEPPERS,SWT,RED,FREEZE-DRIED",0.0
"POTATOES,MSHD,HOME-PREPARED,WHL MILK & BUTTER ADDED",0.0
CATSUP,0.0
"PICKLES,CUCUMBER,DILL OR KOSHER DILL",0.4700450724565224
"PICKLES,CUCUMBER,SWT (INCLUDES BREAD & BUTTER PICKLES)",0.0
"PICKLES,CUCUMBER,SOUR",0.41944596130494993
"PIMENTO,CANNED",0.26306855548105545
"PICKLE RELISH,SWEET",0.0
"PICKLES,CUCUMBER,DILL,LO NA",0.4521807343156867
"PICKLES,CUCUMBER,SWT,LO NA (INCLUDES BREAD & BUTTER PICKLES)",0.0
"CATSUP,LOW SODIUM",0.0
"MUSHROOMS,ENOKI,RAW",0.0
"RADICCHIO,RAW",0.24191526575136812
"TOMATILLOS,RAW",0.0
"TOMATOES,SUN-DRIED",0.0
"ARUGULA,RAW",0.14437707038113068
"CARROTS,BABY,RAW",0.0
"PEPPERS,HOT CHILE,SUN-DRIED",0.0
"NOPALES,RAW",0.43634067138239985
"NOPALES,CKD,WO/SALT",0.4535067029017892
"CAULIFLOWER,GREEN,RAW",0.0
"BROCCOLI,CHINESE,COOKED",0.21512704907994795
"GRAPE LEAVES,RAW",0.0
"PEPPER,BANANA,RAW",0.05680092503691636
"PEPPER,SERRANO,RAW",0.0
"PEPPERS,JALAPENO,RAW",0.0
"PICKLES,CHOWCHOW,W/CAULIFLOWER ONION MUSTARD,SWT",0.0
"MUSHROOMS,OYSTER,RAW",0.0
"MUSHROOMS,WHITE,MICROWAVED",0.0
"MUSHROOMS,MAITAKE,RAW",0.0
"RADISHES,HAWAIIAN STYLE,PICKLED",0.0
"CABBAGE,JAPANESE STYLE,FRSH,PICKLED",0.0
"CABBAGE,MUSTARD,SALTED",0.0
"EGGPLANT,PICKLED",0.0
"TOMATO SAU,NO SALT",0.0
"POTATOES,CND,DRND SOL,NO SALT",0.0
"VEGETABLES,MXD (CORN,LIMA BNS,PEAS,GRN BNS,CRRT) CND,NO SALT",0.0
"SAUERKRAUT,CND,LO NA",0.15380931157075572
"TOMATO&VEG JUC,LO NA",0.3602732049744066
"TURNIP GRNS,CND,NO SALT",0.4977649602004046
"PALM HEARTS,RAW",0.0
YEAST EXTRACT SPREAD,0.0
"CELERY FLAKES,DRIED",0.0
"PUMPKIN&SQUASH SD KRNLS,DRIED",0.0
"SESAME SEEDS,WHOLE,DRIED",0.0
"SESAME SD KRNLS,TSTD,WO/SALT (DECORT)",0.0
"SUNFLOWER SD KRNLS,DRIED",0.0
"SUNFLOWER SD KRNLS,DRY RSTD,WO/SALT",0.0
ALMONDS,0.0
"ALMONDS,BLANCHED",0.0
ALMOND PASTE,0.0
"BRAZILNUTS,DRIED,UNBLANCHED",0.0
"CASHEW NUTS,DRY RSTD,WO/SALT",0.0
"CASHEW NUTS,OIL RSTD,WO/SALT",0.0
"NUTS,CASHEW NUTS,RAW",0.0
"COCONUT MEAT,RAW",0.0
"COCONUT MEAT,DRIED (DESICCATED),NOT SWTND",0.0
"COCONUT MEAT,DRIED (DESICCATED),SWTND,FLAKED,PACKAGED",0.0
"NUTS,COCNT CRM,CND,SWTND",0.0
"COCONUT MILK,RAW (LIQ EXPRESSED FROM GRATED MEAT&H2O)",0.0
HAZELNUTS OR FILBERTS,0.0
"HAZELNUTS OR FILBERTS,BLANCHED",0.0
"HAZELNUTS OR FILBERTS,DRY RSTD,WO/SALT",0.0
"MACADAMIA NUTS,RAW",0.0
"MACADAMIA NUTS,DRY RSTD,WO/SALT",0.0
PECANS,0.0
"NUTS,PINE NUTS,DRIED",0.0
"PISTACHIO NUTS,RAW",0.0
"PISTACHIO NUTS,DRY RSTD,WO/SALT",0.0
"WALNUTS,BLACK,DRIED",0.0
"WALNUTS,ENGLISH",0.0
"SESAME BUTTER,TAHINI,FROM RSTD&TSTD KRNLS (MOST COMMON TYPE)",0.0
"CHESTNUTS,EUROPEAN,RSTD",0.0
"COCONUT MEAT,DRIED (DESICCATED),SWTND,SHREDDED",0.0
"SESAME SD KRNLS,DRIED (DECORT)",0.0
"SEEDS,FLAXSEED",0.0
"SESAME SD KRNLS,TSTD,W/SALT (DECORT)",0.0
"SUNFLOWER SD KRNLS,DRY RSTD,W/SALT",0.0
"CASHEW NUTS,DRY RSTD,W/SALT",0.0
"CASHEW NUTS,OIL RSTD,W/SALT",0.0
"CASHEW BUTTER,PLN,W/SALT",0.0
"MACADAMIA NUTS,DRY RSTD,W/SALT",0.0
"MIXED NUTS,DRY RSTD,W/PNUTS,W/SALT",0.0
"NUTS,MXD NUTS,W/ PNUTS,OIL RSTD,W/ SALT ADDED",0.0
"MIXED NUTS,WO/PNUTS,OIL RSTD,W/SALT",0.0
"PISTACHIO NUTS,DRY RSTD,W/SALT",0.0
"ALMOND BUTTER,PLN,W/SALT",0.0
"BEANS,BKD,CND,PLN OR VEGETARIAN",0.0
"BEANS,BKD,CND,W/FRANKS",0.0
"BEANS,BKD,CND,W/PORK&SWT SAU",0.0
"BEANS,BKD,CND,W/PORK&TOMATO SAU",0.0
"BEANS,BLACK,MATURE SEEDS,RAW",0.0
"BEANS,BLACK TURTLE SOUP,MATURE SEEDS,RAW",0.0
"BEANS,GREAT NORTHERN,MATURE SEEDS,RAW",0.0
"BEANS,KIDNEY,ALL TYPES,MATURE SEEDS,RAW",0.0
"BEANS,KIDNEY,ALL TYPES,MATURE SEEDS,CND",0.0
"BEANS,KIDNEY,RED,MATURE SEEDS,RAW",0.0
"BEANS,KIDNEY,RED,MATURE SEEDS,CND",0.0
"BEANS,NAVY,MATURE SEEDS,RAW",0.0
"BEANS,NAVY,MATURE SEEDS,CND",0.0
"BEANS,PINK,MATURE SEEDS,RAW",0.0
"BEANS,PINTO,MATURE SEEDS,RAW",0.0
"BEANS,PINTO,MATURE SEEDS,CND",0.0
"BEANS,WHITE,MATURE SEEDS,RAW",0.0
"BEANS,WHITE,MATURE SEEDS,CND",0.0
"BROADBEANS (FAVA BEANS),MATURE SEEDS,RAW",0.0
CAROB FLOUR,0.0
"CHICKPEAS (GARBANZO BNS,BENGAL GM),MATURE SEEDS,RAW",0.0
"CHILI WITH BEANS,CANNED",0.0
"COWPEAS,COMMON (BLACKEYES,CROWDER,SOUTHERN),MTRE SEEDS,RAW",0.0
"LENTILS,RAW",0.0
"LENTILS,MATURE SEEDS,CKD,BLD,WO/SALT",0.0
"LIMA BNS,LRG,MATURE SEEDS,RAW",0.0
"LIMA BNS,THIN SEEDED (BABY),MATURE SEEDS,RAW",0.0
"MUNG BNS,MATURE SEEDS,RAW",0.0
"NOODLES,CHINESE,CELLOPHANE OR LONG RICE (MUNG BNS),DEHYD",0.0
"PEAS,SPLIT,MATURE SEEDS,RAW",0.0
"PEAS,SPLIT,MATURE SEEDS,CKD,BLD,WO/SALT",0.0
"PEANUTS,ALL TYPES,RAW",0.0
"PEANUTS,ALL TYPES,CKD,BLD,W/SALT",0.0
"PEANUTS,ALL TYPES,OIL-ROASTED,W/SALT",0.0
"PEANUTS,ALL TYPES,DRY-ROASTED,W/SALT",0.0
"PEANUTS,VIRGINIA,RAW",0.0
"PEANUT BUTTER,SMOOTH STYLE,W/ SALT",0.0
"PEANUT FLOUR,DEFATTED",0.0
"REFRIED BNS,CND,TRADITIONAL STYLE (INCLUDES USDA COMMODITY)",0.0
"BACON,MEATLESS",0.0
"SAUSAGE,MEATLESS",0.0
"SOYBEANS,MATURE SEEDS,RAW",0.0
"SOYBEANS,MATURE SEEDS,RSTD,SALTED",0.0
MISO,0.0
NATTO,0.0
"SOY FLOUR,FULL-FAT,RAW",0.0
"SOY FLR,FULL-FAT,RSTD",0.0
"SOY FLOUR,DEFATTED",0.0
"SOY FLOUR,LOW-FAT",0.0
"SOYMILK,ORIGINAL & VANILLA,UNFORTIFIED",0.0
"SOY PROT CONC,PRODUCED BY ALCOHOL EXTRACTION",0.0
SOY PROTEIN ISOLATE,0.0
SOY SAU MADE FROM SOY&WHEAT (SHOYU),0.0
SOY SAU MADE FROM SOY (TAMARI),0.0
SOY SAU MADE FROM HYDROLYZED VEG PROT,0.0
"TOFU,FIRM,PREP W/CA SULFATE&MAGNESIUM CHLORIDE (NIGARI)",0.0
"TOFU,SOFT,PREP W/CA SULFATE&MAGNESIUM CHLORIDE (NIGARI)",0.0
"TOFU,FRIED",0.0
"HUMMUS,HOME PREP",0.0
"SOYMILK,ORIGINAL & VANILLA,W/ ADDED CA,VITAMINS A & D",0.0
VEGGIE BURGERS OR SOYBURGERS  UNPREP,0.0
"PEANUT SPRD,RED SUGAR",0.0
"PEANUT BUTTER,SMOOTH,RED FAT",0.0
"ENSURE FIBER W/ FOS,LIQ",0.0
"PEANUT BUTTER,SMOOTH,VIT & MINERAL FORT",0.0
"PEANUT BUTTER,CHUNKY,VITAMIN&MINERAL FORT",0.0
CHICKPEA FLOUR (BESAN),0.0
"TOFU,EX FIRM,PREP W/NIGARI",0.0
"MORI-NU,TOFU,SILKEN,SOFT",0.0
"MORI-NU,TOFU,SILKEN,FIRM",0.0
"MORI-NU,TOFU,SILKEN,EX FIRM",0.0
"MOR-NU,TOFU,SILKEN,LITE FIRM",0.0
"MORI-NU,TOFU,SILKEN,LITE EX FIRM",0.0
"USDA CMDTY,PNUT BUTTER,SMOOTH",0.0
"REFRIED BNS,CND,VEGETARIAN",0.0
"REFRIED BNS,CND,FAT-FREE",0.0
"VITASOY USA,NASOYA LITE FIRM TOFU",0.0
"VITASOY USA,ORGANIC NASOYA SUPER FIRM CUBED TOFU",0.0
"VITASOY USA,ORGANIC NASOYA EX FIRM TOFU",0.0
"VITASOY USA,ORGANIC NASOYA FIRM TOFU",0.0
"VITASOY USA,VITASOY ORGANIC CREAMY ORIGINAL SOYMILK",0.0
"VITASOY USA,VITASOY ORGNAIC CLASSIC ORIGINAL SOYMILK",0.0
"VITASOY USA,VITASOY LT VANILLA SOYMILK",0.04981127649426398
"SOYMILK (ALL FLAVORS),UNSWTND,W/ ADDED CA,VITAMINS A & D",0.11728555243753558
"SOYMILK (ALL FLAVORS),ENHANCED",0.0
"SOYMILK,ORIGINAL & VANILLA,LT,W/ ADDED CA,VITAMINS A & D",0.09513281953052921
"SOYMILK,CHOC & OTHER FLAVORS,LT,W/ ADDED CA,VITAMINS A & D",0.0
"SOYMILK,ORIGINAL & VANILLA,LT,UNSWTND,W/ ADDED CA,VIT A & D",0.0
"SOYMILK (ALL FLAVORS),LOWFAT,W/ ADDED CA,VITAMINS A & D",0.0
"SOYMILK (ALL FLAVORS),NONFAT,W/ ADDED CA,VITAMINS A & D",0.08868781815112836
"SOYMILK,CHOC,NONFAT,W/ ADDED CA,VITAMINS A & D",0.0
"LENTILS,MATURE SEEDS,CKD,BLD,W/SALT",0.0
"PEAS,SPLIT,MATURE SEEDS,CKD,BLD,W/SALT",0.0
"PEANUTS,ALL TYPES,OIL-ROASTED,WO/SALT",0.0
"PEANUTS,ALL TYPES,DRY-ROASTED,WO/SALT",0.0
"PEANUT BUTTER,SMOOTH STYLE,WO/SALT",0.0
"PEANUT BUTTER W/ OMEGA-3,CREAMY",0.0
"SOY FLR,DEFATTED,CRUDE PROT BASIS (N X 6.25)",0.0
"SOY FLR,LOW-FAT,CRUDE PROT BASIS (N x 6.25)",0.0
"SOY PROT CONC,PRODUCED BY ACID WASH",0.0
"SOY PROT ISOLATE,K TYPE",0.0
"SOY PROT ISOLATE,K TYPE,CRUDE PROT BASIS",0.0
"SOY SAU MADE FROM SOY&WHEAT (SHOYU),LO NA",0.0
"LOMA LINDA LITTLE LINKS,CND,UNPREP",0.0
"LOMA LINDA LOFAT BIG FRANKS,CND,UNPREP",0.0
"LOMA LINDA TENDER ROUNDS W/ GRAVY,CND,UNPREP",0.0
"LOMA LINDA SWISS STAKE W/ GRAVY,CND,UNPREP",0.0
"LOMA LINDA VEGE-BURGER,CND,UNPREP",0.0
"LOMA LINDA REDI-BURGER,CND,UNPREP",0.0
"LOMA LINDA TENDER BITS,CND,UNPREP",0.0
"LOMA LINDA LINKETTS,CND,UNPREP",0.0
"WORTHINGTON CHILI,CND,UNPREP",0.0
"WORTHINGTON CHOPLETS,CND,UNPREP",0.0
"WORTHINGTON FRICHIK ORIGINAL,CND,UNPREP",0.0
"WORTHINGTON LOFAT FRI CHIK,CND,UNPREP",0.0
"WORTHINGTON LOFAT VEJA-LINKS,CND,UNPREP",0.0
"WORTHINGTON MULTIGRAIN CUTLETS,CND,UNPREP",0.0
"WORTHINGTON PRIME STAKES,CND,UNPREP",0.0
"WORTHINGTON SUPER LINKS,CND,UNPREP",0.0
"WORTHINGTON VEG SKALLOPS,CND,UNPREP",0.0
"WORTHINGTON VEGETARIAN BURGER,CND,UNPREP",0.0
"WORTHINGTON VEJA-LINKS,CND,UNPREP",0.0
"WORTHINGTON CHIC-KETTS,FRZ,UNPREP",0.0
"WORTHINGTON MEATLESS CHICK ROLL,FRZ,UNPREP",0.0
"WORTHINGTON MEATLESS CORNED BF ROLL,FRZ,UNPREP",0.0
"WORTHINGTON DINNER RST,FRZ,UNPREP",0.0
"WORTHINGTON FRIPATS,FRZ,UNPREP",0.0
"WORTHINGTON PROSAGE LINKS,FRZ,UNPREP",0.0
"WORTHINGTON PROSAGE ROLL,FRZ,UNPREP",0.0
"WORTHINGTON SMOKED TURKEY ROLL,FRZ,UNPREP",0.0
"WORTHINGTON STAKELETS,FRZ,UNPREP",0.0
"WORTHINGTON WHAM (ROLL),FRZ,UNPREP",0.0
"MORNINGSTAR FARMS VEGGIE CORN DOGS W/ NAT INGR,FRZ,UNPREP",0.0
"MORNINGSTAR FARMS BRKFST PATTIE MADE W/ ORG SOY,FRZ,UNPREP",0.0
"MORNINGSTAR FARMS VEGGIE BRKFST SAUSAGE LINKS,FRZ,UNPREP",0.0
"MORNINGSTAR FARMS GRILLERS ORIGINAL,FRZ,UNPREP",0.0
"MORNINGSTAR FARMS GRILLERS PRIME,FRZ,UNPREP",0.0
"MORNINGSTAR FARMS ASIAN VEGGIE PATTIES,FRZ,UNPREP",0.0
"MORNINGSTAR FARMS MUSHROOM LOVER'S BURGER,FRZ,UNPREP",0.0
"MORNINGSTAR FARMS TOMATO & BASIL PIZZA BURGER,FRZ,UNPREP",0.0
"MORNINGSTAR FARMS MEATFREE BUFFALO WINGS,FRZ,UNPREP",0.0
"MORNINGSTAR FARMS CHIK'N NUGGETS,FRZ,UNPREP",0.0
"MORNINGSTAR FARMS CHIK PATTIES,FRZ,UNPREP",0.0
"MORNINGSTAR FARMS ITALIAN HERB CHIK PATTIES,FRZ,UNPREP",0.0
"MORNINGSTAR FARMS ORIGINAL CHIK'N TENDERS,FRZ,UNPREP",0.0
"MORNINGSTAR FARMS VEGGIE CORN DOGS,FRZ,UNPREP",0.0
"MORNINGSTAR FARMS MEATLESS MINI CORN DOGS,FRZ,UNPREP",0.0
"MORNINGSTAR FARMS MEAL STARTERS CHIK'N STRIPS,FRZ,UNPREP",0.0
"MORNINGSTAR FARMS MEAL STARTERS STEAK STRIPS,FRZ,UNPREP",0.0
"MORNINGSTAR FARMS SAUSAGE STYLE RECIPE CRUMBLES,FRZ,UNPREP",0.0
"MORNINGSTAR FARMS VEGGIE BITES BROCCOLI CHEDDAR,FRZ,UNPREP",0.0
"MORNINGSTAR FARMS VEGGIE BITES SPINACH ARTICHOKE,FRZ,UNPREP",0.0
"MORNINGSTAR FARMS GINGER TERIYAKI VEGGIE CAKES,FRZ,UNPREP",0.0
"MORNINGSTAR FARMS SOUTHWEST VEGGIE CAKES,FRZ,UNPREP",0.0
"GARDENBURGER,BLACK BEAN CHIPOTLE BURGER",0.0
GARDENBURGER BREADED CHIK'N VEGGIE PATTIES,0.0
"GARDENBURGER,CALIFORNIA BURGER",0.0
"GARDENBURGER,GARDEN VEGAN",0.0
"GARDENBURGER,GOURMET BAJA STEAK",0.0
"GARDENBURGER,GOURMET FIRE DRAGON STEAK",0.0
"GARDENBURGER,GOURMET TUSCANY STEAK",0.0
"GARDENBURGER,HERB CRUSTED CUTLET",0.0
"GARDENBURGER,MALIBU BURGER MADE W/ ORG WHL GRNS,CORN & CRRTS",0.0
"GARDENBURGER,ORIGINAL",0.0
"GARDENBURGER,BRKFST SAUSAGE VEGGIE PATTIE",0.0
"GARDENBURGER,FLAME GRILLED BURGER",0.0
"GARDENBURGER,GOURMET HULA STEAK",0.0
"GARDENBURGER,HOMESTYLE CLASSIC VEGGIE BURGER",0.0
"GARDENBURGER,SAVORY PORTABELLA VEGGIE BURGER",0.0
"GARDENBURGER,SUN-DRIED TOMATO BASIL BURGER",0.0
"GARDENBURGER,VEGGIE MEDLEY BURGER",0.0
"MORNINGSTAR FARMS MPL FLAV VEG SAUSAGE PATTIES,FRZ,UNPREP",0.0
"MORNINGSTAR FARMS GRILLERS CHIK'N VEGGIE PATTIES,FRZ,UNPREP",0.0
"MORNINGSTAR FARMS VEGGIE ITALIAN STYLE SAUSAGE,FRZ,UNPREP",0.0
"MORNINGSTAR FARMS BBQ RIBLETS,FRZ,UNPREP",0.0
"WORTHINGTON LEANIES,FRZ,UNPREP",0.0
"MORNINGSTAR FARMS GARDEN VEGGIE PATTIES,FRZ,UNPREP",0.0
"WORTHINGTON FOODS,MORNINGSTAR FARMS DELI FRANKS",0.0
"MORNINGSTAR FARMS GRILLERS BURGER STYLE REC CRMBL,FRZ,UNPREP",0.0
"MORNINGSTAR FARMS GRILLERS VEGAN,FRZ,UNPREP",0.0
"MORNINGSTAR FARMS VEGGIE BRKFST SAUSAGE PATTIES,FRZ,UNPREP",0.0
"MORNINGSTAR FARMS SPICY BLACK BEAN BURGER,FRZ,UNPREP",0.0
"LOMA LINDA BIG FRANKS,CND,UNPREP",0.0
BEAN BEVERAGE,0.0
PAPAD,0.0
"PEANUT BUTTER,RED NA",0.0
"BEANS,CHILI,BARBECUE,RANCH STYLE,CKD",0.0
"VERMICELLI,MADE FROM SOY",0.0
"BEANS,LIQ FROM STWD KIDNEY BNS",0.0
"CHICKEN,MEATLESS",0.0
"FRANKFURTER,MEATLESS",0.0
"LUNCHEON SLICES,MEATLESS",0.0
"SANDWICH SPREAD,MEATLESS",0.0
VEGETARIAN STEW,0.0
"BACON BITS,MEATLESS",0.0
"SOYBEAN,CURD CHEESE",0.0
"CHICKEN,MEATLESS,BREADED,FRIED",0.0
"BAKED BNS,CND,NO SALT",0.0
TOFU YOGURT,0.0
"AMARANTH,UNCKD",0.0
"BARLEY,HULLED",0.0
"BARLEY,PEARLED,RAW",0.0
"BARLEY,PEARLED,COOKED",0.0
"BUCKWHEAT GROATS,RSTD,CKD",0.0
"BUCKWHEAT FLR,WHOLE-GROAT",0.0
"BULGUR,DRY",0.0
"BULGUR,COOKED",0.0
"CORN,YELLOW",0.0
"CORN BRAN,CRUDE",0.0
"CORN FLR,MASA,ENR,WHITE",0.0
"CORN FLR,DEGERMED,UNENR,YEL",0.0
CORNSTARCH,0.0
"COUSCOUS,COOKED",0.0
"HOMINY,CANNED,WHITE",0.0
"MILLET,COOKED",0.0
"OAT BRAN,RAW",0.0
"RICE,BROWN,LONG-GRAIN,RAW",0.0
"RICE,BROWN,LONG-GRAIN,CKD",0.0
"RICE,WHITE,LONG-GRAIN,PRECKD OR INST,ENR,DRY",0.0
"RICE,WHITE,LONG-GRAIN,PRECKD OR INST,ENR,PREP",0.0
"RICE,WHITE,GLUTINOUS,CKD",0.0
"RICE BRAN,CRUDE",0.0
"RICE FLOUR,WHITE",0.0
RYE,0.0
"RYE FLOUR,DARK",0.0
"RYE FLOUR,MEDIUM",0.0
"RYE FLOUR,LIGHT",0.0
"TAPIOCA,PEARL,DRY",0.0
"WHEAT,HARD RED SPRING",0.0
"WHEAT,HARD RED WINTER",0.0
"WHEAT,SOFT RED WINTER",0.0
"WHEAT,HARD WHITE",0.0
"WHEAT,SOFT WHITE",0.0
"WHEAT BRAN,CRUDE",0.0
"WHEAT FLOUR,WHOLE-GRAIN",0.0
"WHEAT FLR,WHITE,ALL-PURPOSE,SELF-RISING,ENR",0.0
"WHEAT FLR,WHITE,CAKE,ENR",0.0
"WILD RICE,RAW",0.0
"WILD RICE,COOKED",0.0
"RICE FLOUR,BROWN",0.0
"MACARONI,VEG,CKD,ENR",0.0
"MACARONI,WHOLE-WHEAT,CKD",0.0
"NOODLES,EGG,SPINACH,CKD,ENR",0.0
"NOODLES,CHINESE,CHOW MEIN",0.0
"NOODLES,FLAT,CRUNCHY,CHINESE RESTAURANT",0.0
"SPAGHETTI,WHOLE-WHEAT,CKD",0.0
"SPAGHETTI,SPINACH,DRY",0.0
BARLEY FLOUR OR MEAL,0.0
BARLEY MALT FLR,0.0
"OAT FLR,PART DEBRANNED",0.0
"KAMUT,UNCKD",0.0
"SPELT,UNCKD",0.0
"TEFF,UNCKD",0.0
"WHEAT FLR,WHITE (INDUSTRIAL),9% PROT,BLEACHED,UNENR",0.0
VITAL WHEAT GLUTEN,0.0
"CHEESE,COTTAGE,LOWFAT,1% MILKFAT,NO NA",0.0
"CHEESE,PAST PROCESS,PIMENTO",0.0
"MILK,WHL,3.25% MILKFAT, W/O VIT A & VIT D",0.0
"MILK,RED FAT,FLUID,2% MILKFAT,W/ ADDED VIT A & VITAMIN D",0.0
"MILK,RED FAT,FLUID,2% MILKFAT,PROT FORT,W/ ADDED VIT A & D",0.0
"MILK,LOWFAT,FLUID,1% MILKFAT,W/ ADDED VIT A & VITAMIN D",0.0
"MILK,NONFAT,FLUID,W/ ADDED VIT A & VIT D (FAT FREE OR SKIM)",0.0
"MILK,DRY,WHL,WO/ ADDED VITAMIN D",0.0
"MILK,DRY,NONFAT,REG,WO/ ADDED VIT A & VITAMIN D",0.0
"MILK,DRY,NONFAT,INST,W/ ADDED VIT A & VITAMIN D",0.0
"YOGURT,VANILLA,LOFAT,11 GRAMS PROT PER 8 OZ,FORT W/ VIT D",0.0
"YOGURT,FRUIT,LOFAT,9 GRAMS PROT PER 8 OZ,FORT W/ VITAMIN D",0.0
"YOGURT,FRUIT,LOFAT,10 GRAMS PROT PER 8 OZ,FORT W/ VITAMIN D",0.0
"YOGURT,VAN/LEM FLAV,NONFAT MILK,W/ LO-CAL SWTNR,FORT W/VIT D",0.0
"YOGURT,CHOC,NONFAT MILK",0.0
"YOGURT,FRUIT,LOWFAT,W/ LO CAL SWTNR,FORT W/ VITAMIN D",0.0
"CHEESE PRODUCT,PAST PROCESS,AMERICAN,RED FAT,FORT W/ VIT D",0.0
"YOGURT,FRUIT VAR,NON-FAT",0.0
"SALAD DRSNG,MAYO DRSNG,DIET,NO CHOL",0.0
"VEG OIL SPRD,UNSPEC OILS,APPROX 37% FAT,W/ SALT",0.0
"MARGARINE,REG,80% FAT,COMP,STK,W/ SALT,W/ ADDED VITAMIN D",0.0
"MARGARINE,REG,80% FAT,COMP,TUB,W/ SALT",0.0
"MARGARINE-LIKE,VEG OIL SPRD,60% FAT,STK,W/ SALT",0.0
"MARGARINE-LIKE,VEG OIL SPRD,60% FAT,TUB,W/ SALT",0.0
"MARGARINE,REG,80% FAT,COMP,STK,WO/ SALT,W/ ADDED VITAMIN D",0.0
"SHORTENING,INDUSTRIAL,SOY (PARTIALLY HYDR )&CORN FOR FRYING",0.0
"APPLES,CND,SWTND,SLICED,DRND,UNHTD",0.0
"APPLE JUC,CND OR BTLD,UNSWTND,WO/ ADDED VIT C",0.0
"APPLESAUCE,CND,UNSWTND,W/ VIT C",0.0
"FRUIT COCKTAIL,CND,H2O PK,SOL&LIQUIDS",0.0
"FRUIT COCKTAIL,CND,HVY SYRUP,SOL&LIQUIDS",0.0
"TANGERINES,(MANDARIN ORANGES),CND,JUC PK",0.0
"GRAPE JUC,CND OR BTLD,UNSWTND,WO/ ADDED VIT C",0.0
"MANGO NECTAR,CND",0.0
"ORANGE JUC,FRZ CONC,UNSWTND,DIL W/3 VOLUME H2O",0.0
"ORANGE JUC,CHILLED,INCL FROM CONC,FORT W/ CA & VITAMIN D",0.0
"TANGERINE JUICE,RAW",0.0
"PINEAPPLE,RAW,ALL VAR",0.0
"PINEAPPLE JUC,CND,UNSWTND,WO/ VIT C",0.0
"ARTICHOKES,(GLOBE OR FRENCH),CKD,BLD,DRND,WO/SALT",0.0
"ARTICHOKES,(GLOBE OR FRENCH),FRZ,CKD,BLD,DRND,WO/SALT",0.0
"ASPARAGUS,CKD,BLD,DRND,W/SALT",0.16101563612356085
"ASPARAGUS,FRZ,CKD,BLD,DRND,W/SALT",0.3655599118293802
"CHAYOTE,FRUIT,RAW",0.3522579209819332
"LIMA BNS,IMMAT SEEDS,CKD,BLD,DRND,W/SALT",0.0
"LIMA BNS,IMMAT SEEDS,FRZ,FORDHOOK,CKD,BLD,DRND,WO/SALT",0.0
"LIMA BNS,IMMAT SEEDS,FRZ,BABY,CKD,BLD,DRND,W/SALT",0.0
"BEANS,SNAP,YEL,CKD,BLD,DRND,WO/SALT",0.0
"BEANS,SNAP,YEL,FRZ,CKD,BLD,DRND,WO/SALT",0.0
"BEETS,CKD,BOILED. DRND,W/SALT",0.0
"BEET GRNS,CKD,BLD,DRND,WO/SALT",0.0006718681911053181
"BROCCOLI,CKD,BLD,DRND,W/SALT",0.0
"MUSTARD GREENS,RAW",0.0
"BROCCOLI,FRZ,CHOPD,CKD,BLD,DRND,W/SALT",0.0
"BRUSSELS SPROUTS,CKD,BLD,DRND,W/SALT",0.0
"BRUSSELS SPROUTS,FRZ,CKD,BLD,DRND,W/SALT",0.0
"CABBAGE,CKD,BLD,DRND,WO/SALT",0.23300109541768332
"CABBAGE,RED,CKD,BLD,DRND,WO/SALT",0.0
"CABBAGE,CHINESE (PAK-CHOI),RAW",0.5315005149797134
"CABBAGE,CHINESE (PAK-CHOI),CKD,BLD,DRND,WO/SALT",0.6145153925584159
"CARROTS,CKD,BLD,DRND,W/SALT",0.0
"CARROTS,CND,NO SALT,SOL&LIQUIDS",0.19256698715139375
"CARROTS,CND,REG PK,DRND SOL",0.014240497609032232
"CARROTS,FRZ,CKD,BLD,DRND,W/SALT",0.0
"CAULIFLOWER,CKD,BLD,DRND,WO/SALT",0.18074229418129306
"CELERY,RAW",0.5022307038123373
"TOMATOES,RED,RIPE,RAW,YEAR RND AVERAGE",0.37511965144435955
"COLLARDS,CKD,BLD,DRND,WO/SALT",0.0
"CORN,SWT,YEL,CKD,BLD,DRND,WO/SALT",0.0
"CORN,SWT,YEL,CND,NO SALT,SOL&LIQUIDS",0.0
"CORN,SWT,YEL,CND,CRM STYLE,REG PK",0.0
"CORN,SWT,YEL,CND,VACUUM PK,NO SALT",0.0
"CORN,SWT,YEL,FRZ,KRNLS ON COB,CKD,BLD,DRND,WO/SALT",0.0
"CRESS,GARDEN,CKD,BLD,DRND,W/SALT",0.25347159218557547
"JUTE,POTHERB,CKD,BLD,DRND,WO/SALT",0.0
"KALE,CKD,BLD,DRND,W/SALT",0.0
"KALE,FRZ,CKD,BLD,DRND,W/SALT",0.0
"KOHLRABI,CKD,BLD,DRND,WO/SALT",0.021138893040767215
"MUSHROOMS,PORTABELLA,EXPOSED TO UV LT,GRILLED",0.0
"LAMBS QUARTERS,CKD,BLD,DRND,W/SALT",0.0
"LEEKS,(BULB&LOWER LEAF-PORTION),CKD,BLD,DRND,WO/SALT",0.0
"SQUASH,SMMR,ZUCCHINI,INCL SKN,FRZ,CKD,BLD,DRND,W/SALT",0.48506392631003514
"MUSHROOMS,WHITE,CKD,BLD,DRND,W/ SALT",0.0
"MUSHROOMS,SHIITAKE,CKD,W/SALT",0.0
"MUSTARD GRNS,CKD,BLD,DRND,WO/SALT",0.4295909797836037
"MUSTARD GRNS,FRZ,CKD,BLD,DRND,W/SALT",0.2594865632126311
"OKRA,CKD,BLD,DRND,W/SALT",0.10758411307934868
"OKRA,FRZ,CKD,BLD,DRND,WO/SALT",0.03759848649316133
"ONIONS,FRZ,CHOPD,CKD,BLD,DRND,WO/SALT",0.050204900294755106
"PARSNIPS,CKD,BLD,DRND,WO/SALT",0.0
"PEAS,GRN,CKD,BLD,DRND,W/SALT",0.0
"PEAS,GRN,CND,REG PK,SOL&LIQUIDS",0.0
"PEAS,GRN,FRZ,CKD,BLD,DRND,W/SALT",0.0
"PEAS&CARROTS,FRZ,CKD,BLD,DRND,WO/SALT",0.0
"PEAS&ONIONS,FRZ,CKD,BLD,DRND,WO/SALT",0.0
"PEPPERS,HOT CHILI,GRN,CND,PODS,EXCLUDING SEEDS,SOL&LIQUIDS",0.07640614952448033
"PIGEONPEAS,IMMAT SEEDS,CKD,BLD,DRND,W/SALT",0.0
"POTATOES,BKD,FLESH,W/SALT",0.0
"POTATOES,BKD,SKN,WO/SALT",0.0
"POTATOES,BLD,CKD IN SKN,FLESH,W/SALT",0.0
"POTATOES,BLD,CKD WO/ SKN,FLESH,WO/ SALT",0.0
"PUMPKIN,FLOWERS,CKD,BLD,DRND,W/SALT",0.4276311473833436
"PUMPKIN LEAVES,CKD,BLD,DRND,WO/SALT",0.26515026955935017
"PUMPKIN,CKD,BLD,DRND,W/SALT",0.3559021939534954
"PUMPKIN,CND,WO/SALT",0.0
"RADISHES,ORIENTAL,CKD,BLD,DRND,W/SALT",0.3826953223531939
"SOYBEANS,MATURE SEEDS,SPROUTED,CKD,STMD",0.0
"SPINACH,CKD,BLD,DRND,W/SALT",0.13582137277053263
"SQUASH,SMMR,CROOKNECK&STRAIGHTNECK,FRZ,CKD,BLD,DRND,WO/SALT",0.1777936039461947
"SQUASH,SMMR,SCALLOP,CKD,BLD,DRND,W/SALT",0.3869148674990637
"SQUASH,SMMR,ZUCCHINI,INCL SKN,CKD,BLD,DRND,W/SALT",0.4757860697278993
"SQUASH,SMMR,ZUCCHINI,INCL SKN,FRZ,CKD,BLD,DRND,WO/SALT",0.39631640523206535
"SQUASH,WNTR,HUBBARD,CKD,BLD,MSHD,W/SALT",0.0
"SQUASH,WNTR,SPAGHETTI,CKD,BLD,DRND,OR BKD,W/SALT",0.12072004034762074
"SUCCOTASH,(CORN&LIMAS),FRZ,CKD,BLD,DRND,W/SALT",0.0
"SWEET POTATO LEAVES,CKD,STMD,WO/ SALT",0.0
"TARO,COOKED,WITHOUT SALT",0.0
"TOMATOES,RED,RIPE,CKD,W/ SALT",0.44367071008360703
"TOMATOES,RED,RIPE,CND,PACKED IN TOMATO JUC",0.3496999766804967
"ONIONS,FRZ,WHL,CKD,BLD,DRND,W/SALT",0.07260439225896675
"TOMATO JUC,CND,WO/SALT",0.42328169353316003
"TOMATO PRODUCTS,CND,PUREE,W/SALT",0.0
"TURNIPS,CKD,BLD,DRND,W/SALT",0.20626727026990554
"TURNIP GRNS,CKD,BLD,DRND,W/SALT",0.18913536083626337
"TURNIP GRNS,FRZ,CKD,BLD,DRND,WO/SALT",0.0
"SQUASH,SMMR,ALL VAR,CKD,BLD,DRND,WO/SALT",0.33535455466375463
"POTATOES,BKD,FLESH & SKN,W/ SALT",0.0
"BEANS,SNAP,YEL,FRZ,CKD,BLD,DRND,W/SALT",0.0
"SQUASH,SMMR,CROOKNECK&STRAIGHTNECK,CKD,BLD,DRND,W/SALT",0.2711742125193375
"PICKLES,CUCUMBER,SOUR,LO NA",0.6543952507140469
"CORN,SWT,WHITE,CKD,BLD,DRND,WO/SALT",0.0
"CORN,SWT,WHITE,CND,CRM STYLE,NO SALT",0.0
"CORN,SWT,WHITE,FRZ,KRNLS CUT OFF COB,BLD,DRND,W/SALT",0.0
"BEANS,SNAP,YEL,CND,NO SALT,DRND SOL",0.3746966423353655
"PUMPKIN&SQUASH SD KRNLS,RSTD,W/SALT",0.0
"SUNFLOWER SD KRNLS,OIL RSTD,W/SALT",0.0
"ALMONDS,DRY RSTD,W/SALT",0.0
"ALMONDS,OIL RSTD,W/SALT",0.0
"PECANS,DRY RSTD,WO/SALT",0.0
"PECANS,OIL RSTD,W/SALT",0.0
"BEANS,BLACK TURTLE SOUP,MATURE SEEDS,CKD,BLD,WO/SALT",0.0
"BEANS,KIDNEY,ALL TYPES,MATURE SEEDS,CKD,BLD,W/SALT",0.0
"BEANS,KIDNEY,RED,MATURE SEEDS,CKD,BLD,W/SALT",0.0
"BEANS,NAVY,MATURE SEEDS,CKD,BLD,W/SALT",0.0
"BEANS,PINK,MATURE SEEDS,CKD,BLD,W/SALT",0.0
"BEANS,PINTO,MATURE SEEDS,CKD,BLD,W/SALT",0.0
"BEANS,WHITE,MATURE SEEDS,CKD,BLD,WO/SALT",0.0
"BROADBEANS (FAVA BNS),MATURE SEEDS,CKD,BLD,WO/SALT",0.0
"CHICKPEAS,MATURE SEEDS,CKD,BLD,W/SALT",0.0
"COWPEAS,COMMON,MATURE SEEDS,CKD,BLD,W/SALT",0.0
"LIMA BNS,LRG,MATURE SEEDS,CKD,BLD,W/SALT",0.0
"MUNG BNS,MATURE SEEDS,CKD,BLD,W/SALT",0.0
"MUNGO BNS,MATURE SEEDS,CKD,BLD,WO/SALT",0.0
"PEANUT BUTTER,CHUNK STYLE,WO/SALT",0.0
"SOYBEANS,MATURE SEEDS,CKD,BLD,W/SALT",0.0
"SOYMILK,CHOC,W/ ADDED CA,VITAMINS A & D",0.0
"MORNINGSTAR FARMS VEGGIE BRKFST BACON STRIPS,FRZ,UNPREP",0.0
VEGETARIAN FILLETS,0.0
VEGETARIAN MEATLOAF OR PATTIES,0.0
"CORN FLR,WHOLE-GRAIN,YEL",0.0
"CORNMEAL,WHOLE-GRAIN,WHITE",0.0
"CORNMEAL,DEGERMED,UNENR,YEL",0.0
"RICE,WHITE,LONG-GRAIN,REG,RAW,ENR",0.0
"RICE,WHITE,LONG-GRAIN,REG,CKD",0.0
"RICE,WHITE,LONG-GRAIN,PARBLD,ENR,DRY",0.0
"RICE,WHITE,LONG-GRAIN,PARBLD,ENR,CKD",0.0
"WHEAT FLR,WHITE,ALL-PURPOSE,ENR,BLEACHED",0.0
"WHEAT FLR,WHITE,BREAD,ENR",0.0
"MACARONI,DRY,ENR",0.0
"MACARONI,COOKED,ENRICHED",0.0
"NOODLES,EGG,DRY,ENRICHED",0.0
"NOODLES,EGG,CKD,UNENR,WO/ SALT",0.0
"SPAGHETTI,CKD,UNENR,W/ SALT",0.0
"WHEAT FLR,WHITE (INDUSTRIAL),10% PROT,UNBLEACHED,ENR",0.0
"WHEAT FLR,WHITE (INDUSTRIAL),11.5% PROT,UNBLEACHED,ENR",0.0
"WHEAT FLR,WHITE (INDUSTRIAL),13% PROT,BLEACHED,UNENR",0.0
"WHEAT FLR,WHITE (INDUSTRIAL),15% PROT,BLEACHED,ENR",0.0
