description,0
"Apple juice, 100%, with calcium added",0.00020738720759204713
"Apple, raw",0.0001675899583819529
"Applesauce, unsweetened",0.00026308747884584704
Apple pie filling,7.382230880637053e-05
"Apple, baked",5.401361798895721e-05
"Apple, candied",6.032334601080436e-05
"Beef, bacon, cooked",0.0002611231781486367
"Turkey bacon, cooked",1.2349098680530801e-05
Bacon bits,0.0025581085961885464
"Banana, raw",5.0928138886519037e-05
"Banana, fried",1.2490562850686615e-05
Black bean salad,4.295732144221631e-05
Falafel,0.0007453738792690956
Bean cake,2.746318284607696e-05
"Chili with beans, without meat",0.00010332913093868967
Lentil curry,0.00030514504847012347
Lentil curry with rice,0.0002569539766668072
"Swiss steak, with gravy, meatless",0.00016009742494915713
Vegetarian pot pie,0.0003220527649556715
"Vegetarian chili, made with meat substitute",0.0025159995209484975
Vegetarian stroganoff,7.140601976729499e-05
"Beans and rice, from fast food / restaurant",0.006993015494256127
"Kidney beans and rice, from fast food / restaurant",0.006000957860825551
"Black beans and rice, from fast food / restaurant",0.004510713582783765
"Pinto beans and rice, from fast food / restaurant",0.00763166956668293
Beans and white rice,0.0073582665932931945
"Beans and rice, with tomatoes",0.015762351588943346
"Beans and rice, with meat",0.00431335326531368
Kidney beans and white rice,0.005757005982010455
Black beans and white rice,0.011223416958239696
Pinto beans and white rice,0.013144305333353756
Beans and brown rice,0.005045196724147161
Kidney beans and brown rice,0.009707185820360564
Black beans and brown rice,0.006029642380466882
Pinto beans and brown rice,0.0022824515580275317
"Beans, from dried, NS as to type, no added fat",0.020294816804993232
"Beans, from canned, NS as to type, fat added",0.0018917552190913511
"Beans, from canned, NS as to type, no added fat",0.008429345672091415
"Beans, from fast food / restaurant, NS as to type",0.01137182158322858
"White beans, from dried, no added fat",0.011646137042660598
"White beans, from canned, no added fat",0.007261093704165944
"Black beans, from dried, no added fat",0.020867256764702802
"Black beans, from canned, no added fat",0.007413038260011717
"Black beans, from fast food / restaurant",0.001674303912365005
Black beans with meat,0.001971977179069384
"Fava beans, cooked",0.00023963415728722737
"Pink beans, cooked",0.005262224328479448
"Pinto beans, from dried, no added fat",0.011505371869306558
"Pinto beans, from canned, no added fat",0.0036754344778842096
"Pinto beans, from fast food / restaurant",0.007250005674965365
Pinto beans with meat,0.0009958231207995993
"Kidney beans, from dried, no added fat",0.014051812615685222
"Kidney beans, from canned, fat added",0.0003331454294688285
"Kidney beans, from canned, no added fat",0.000702277799462081
"Kidney beans, from canned, reduced sodium",0.0005452573976771902
"Kidney beans, from fast food / restaurant",0.00192205347365082
Kidney beans with meat,0.0011996462902548188
"Peruvian beans, from dried",0.006164654619990273
"Soybeans, cooked",1.7140594991360558e-05
"Mung beans, cooked",0.0004932310968808196
"Baked beans, vegetarian",0.00025876229063216184
Baked beans from fast food / restaurant,7.907887224334331e-05
"Beans and tomatoes, no added fat",0.008998308850879155
"Beans and tomatoes, fat added",7.116519753758155e-05
Refried beans,9.39078508412905e-05
"Refried beans, from fast food / restaurant",0.0001460308822913703
Refried beans with meat,0.0005440807880372489
"Refried beans, from canned, reduced sodium",0.00062613144674728
Beans and franks,0.00025055273768437303
"Beans with meat, NS as to type",0.0010693447354537255
"Baked beans, reduced sodium",0.00020152934540540457
"Chickpeas, from dried, no added fat",5.605870554633635e-05
"Chickpeas, from canned, no added fat",2.4153638463531024e-05
"Split peas, from dried, no added fat",0.00022788821270047777
"Split peas, from dried, fat added",1.1376409565500012e-05
Wasabi peas,0.0005123870452479196
"Lentils, from dried, no added fat",0.0028602597220057646
"Papad, grilled or broiled",0.011843867881243142
Soy nuts,0.0029611723108011745
"Edamame, cooked",0.00016382778546031318
"Meat, NFS",0.00030887229286769013
"Beef, pickled",0.00010652807991817781
"Beef steak, breaded or floured, baked or fried, lean and fat eaten",0.0012500873587129036
"Beef steak, battered, fried, NS as to fat eaten",0.0007073827298462732
"Beef steak, battered, fried, lean and fat eaten",9.25734133705447e-05
"Beef steak, battered, fried, lean only eaten",0.0022442531109092556
"Beef steak, braised, lean only eaten",2.2593476774801502e-05
"Beef, neck bones, cooked",1.3137598822154928e-05
"Beef, shortribs, cooked, lean and fat eaten",0.0001764180804536789
"Beef, shortribs, barbecued, with sauce, lean only eaten",0.00019012949455010641
"Beef, cow head, cooked",8.363622944962401e-05
"Beef, roast, roasted, NS as to fat eaten",0.00020139508453098642
"Beef, roast, roasted, lean and fat eaten",0.0004799281353291288
"Beef, roast, roasted, lean only eaten",0.00028318999728149663
"Beef, roast, canned",0.0004573471213635827
"Beef, pot roast, braised or boiled, lean and fat eaten",0.0002806504117511821
"Beef, stew meat, cooked, lean and fat eaten",4.145775754338388e-05
"Beef brisket, cooked, lean and fat eaten",0.0001722677099493808
"Beef, sandwich steak, flaked, formed, thinly sliced",5.328177404173573e-05
"Veal, NS as to cut, cooked, lean only eaten",0.0005691049483118604
"Veal chop, fried, lean only eaten",7.814651141480056e-05
"Veal cutlet or steak, NS as to cooking method, NS as to fat eaten",2.5837996416200326e-05
"Veal cutlet or steak, NS as to cooking method, lean and fat eaten",0.0003556293769282348
"Mock chicken legs, cooked",8.90409518046198e-05
"Veal patty, breaded, cooked",0.002328505506502765
"Berries, NFS",0.00018512876338405704
"Blackberries, raw",0.00019078200473643392
"Blackberries, frozen",0.000170552259808332
"Blueberries, raw",2.6531242204086425e-05
"Bluberries, canned",0.0005795420223463155
"Blueberries, frozen",5.5994437092365956e-05
"Cranberries, raw",6.816340627935347e-06
Cranberry sauce,0.0008651263250403218
"Broccoli raab, raw",0.08747620796339817
"Broccoli raab, cooked",0.0004912616483867538
"Broccoli, raw",0.00014212686012093911
"Broccoli, cooked, from restaurant",2.86783766849652e-05
"Broccoli, fresh, cooked, no added fat",1.636418534189943e-05
"Broccoli, frozen, cooked, no added fat",0.0004382709450077016
"Broccoli, frozen, cooked, fat added, NS as to fat type",0.0003892267052538756
"Broccoli, fresh, cooked with oil",0.00024378922292456195
"Broccoli, fresh, cooked with butter or margarine",1.2974666178777738e-05
"Broccoli, frozen, cooked with oil",0.0002786827116914026
"Broccoli, frozen, cooked with butter or margarine",1.1487699065781953e-05
"Broccoli, chinese, raw",0.0006459871623913926
"Broccoli, Chinese, cooked",0.00039053033662739267
"Table fat, NFS",0.0003514998091898036
Animal fat or drippings,0.0006121236382501394
Lard,0.002025188291803204
"Ghee, clarified butter",4.796122900074806e-05
Honey butter,9.58041927461295e-05
"Cabbage, green, raw",1.8703929516306061e-06
"Cabbage, Chinese, raw",0.0001521018193706425
"Cabbage, red, raw",0.00019201697238635518
"Cabbage, Chinese, cooked, no added fat",0.00022049910054988686
"Cabbage, Chinese, cooked, fat added",2.999776140910626e-05
"Cabbage, green, cooked, no added fat",0.00014084596476671152
"Cabbage, green, cooked, fat added, NS as to fat type",0.00044654609783734145
"Cabbage, green, cooked with oil",0.00016238746949038133
"Cabbage, green, cooked with butter or margarine",0.0001567963700672692
"Cabbage, red, cooked",0.00010975321641737423
"Cabbage, savoy, cooked",7.068518923425415e-05
"Carrots, raw",0.00013899978624287712
"Carrots, cooked, from restaurant",0.0002335200359837586
"Carrots, fresh, cooked, no added fat",4.749464104847334e-05
"Carrots, frozen, cooked, no added fat",1.3515931314600493e-05
"Carrots, canned, cooked, no added fat",0.00012822880432139527
"Carrots, fresh, cooked with oil",0.00012547079206726153
"Carrots, fresh, cooked with butter or margarine",0.00017065391792847606
"Carrots, frozen, cooked, fat added, NS as to fat type",0.0007705086469655953
"Carrots, canned, cooked, fat added, NS as to fat type",3.068644202386395e-05
"Carrots, frozen, cooked with oil",4.5975900953010296e-07
"Carrots, frozen, cooked with butter or margarine",0.00012466655651266478
"Carrots, canned, cooked with oil",5.402823033051618e-05
"Carrots, canned, cooked with butter or margarine",4.3747908772245546e-05
"Carrots, glazed, cooked",2.7615118204593614e-05
"Carrots, canned, reduced sodium, cooked, no added fat",0.0001108913654448429
"Carrots, canned, reduced sodium, cooked, fat added, NS as to fat type",0.00011329623685804686
"Carrots, canned, reduced sodium, cooked with oil",0.0004243627298379238
"Carrots, canned, reduced sodium, cooked with butter or margarine",0.00015832647777358488
"Cheese, NFS",0.0004671093758670253
"Cheese, Blue or Roquefort",2.3655481983908544e-05
"Cheese, Brick",2.2369363156471422e-05
"Cheese, Camembert",1.0758969690272124e-05
"Cheese, Brie",7.517182542266302e-05
"Cheese, Cheddar",0.00013596172994212452
"Cheese, Cheddar, reduced fat",0.00010951951118975956
"Cheese, Cheddar, nonfat or fat free",0.00036391403065394456
"Cheese, Colby",0.0002343890010180689
"Cheese, Colby Jack",1.5822239928908743e-05
"Cheese, Feta",7.196902294559493e-05
"Cheese, Fontina",0.0001829537376796253
"Cheese, goat",1.2480454554264497e-05
"Cheese, Gruyere",6.007217782055818e-05
"Cheese, Limburger",0.0002719642591486604
"Cheese, Monterey",0.00037727303563706016
"Cheese, Monterey, reduced fat",5.1506149127078515e-05
"Cheese, Mozzarella, reduced sodium",0.00019421960228704904
"Cheese, Mozzarella, nonfat or fat free",0.0004470599553503263
"Cheese, Muenster",0.0006112035889405121
"Cheese, Muenster, reduced fat",0.0005197591795109702
"Cheese, Parmesan, dry grated, reduced fat",0.00017750189767262725
"Cheese, Parmesan, dry grated, fat free",0.003168925849898585
"Cheese, Provolone",0.00042064911809625016
"Cheese, provolone, reduced fat",7.480624209949906e-05
"Cheese, Swiss",6.801202576944831e-05
"Cheese, Swiss, reduced sodium",0.00010104681931366599
"Cheese, Swiss, reduced fat",0.0002841266501611983
"Cheese, Swiss, nonfat or fat free",0.002540956156327212
"Cheese, Cheddar, reduced sodium",4.4032279134853525e-05
"Cheese, Mexican blend",0.0003227977825162043
"Cheese, Mexican blend, reduced fat",0.0002492907020528179
"Queso Anejo, aged Mexican cheese",7.409479221857348e-06
Queso Asadero,0.0004795766477680985
Queso cotija,0.00022265074735550172
"Cheese, American and Swiss blends",0.00013806985501751967
"Cheese, American, reduced fat",0.00013707163554244062
"Cheese, American, nonfat or fat free",0.00012092243050432216
"Cheese, American, reduced sodium",0.0002121376419221832
"Cheese spread, American or Cheddar cheese base, reduced fat",0.0006811020790902234
"Cheese, processed, with vegetables",6.020262567041357e-05
Imitation cheese,0.0014260882191461377
Cheese ball,0.00010171313824791639
"Mozzarella sticks, breaded, baked, or fried",0.00027496454139530613
"Chicken, NS as to part, baked, broiled, or roasted, skin eaten",0.0025337631990307585
"Chicken, NS as to part, stewed, skin eaten",0.005280824799214656
"Chicken, NS as to part, grilled with sauce, skin eaten",6.402698680574304e-05
"Chicken breast, baked, broiled, or roasted, skin eaten, from raw",0.005351813741809153
"Chicken breast, baked, broiled, or roasted, skin not eaten, from raw",0.014133701681418032
"Chicken breast, baked or broiled, skin eaten, from fast food / restaurant",0.011065131488598112
"Chicken breast, baked or broiled, skin not eaten, from fast food / restaurant",0.0028274966496315557
"Chicken breast, baked, broiled, or roasted with marinade, skin eaten, from raw",0.0011611831446671772
"Chicken breast, baked, broiled, or roasted with marinade, skin not eaten, from raw",0.0011695839976848532
"Chicken breast, stewed, skin not eaten",0.024883237655108914
"Chicken breast, grilled with sauce, skin eaten",0.0002584724586611742
"Chicken breast, grilled with sauce, skin not eaten",4.969934066245685e-05
"Chicken breast, fried, coated, skin / coating eaten, from raw",0.0009486390298967251
"Chicken breast, fried, coated, prepared skinless, coating eaten, from raw",0.00011796521013707206
"Chicken breast, fried, coated, skin / coating eaten, from pre-cooked",6.533926155505299e-05
"Chicken breast, fried, coated, skin / coating eaten, from fast food / restaurant",0.0043800015835007144
"Chicken breast, fried, coated, skin / coating not eaten, from fast food / restaurant",0.0010987496268537456
"Chicken breast, baked, coated, skin / coating eaten",0.0004415339395400508
"Chicken leg, drumstick and thigh, baked or broiled, skin eaten",0.00011164866758583969
"Chicken leg, drumstick and thigh, baked or broiled, skin not eaten",0.0007039431023692089
"Chicken leg, drumstick and thigh, stewed, skin eaten",0.00032662345619449695
"Chicken leg, drumstick and thigh, stewed, skin not eaten",0.0007817747591847279
"Chicken leg, drumstick and thigh, grilled with sauce, skin eaten",8.637109486286931e-06
"Chicken leg, drumstick and thigh, grilled with sauce, skin not eaten",0.00013534764486422546
"Chicken leg, drumstick and thigh, fried, coated, skin / coating eaten",0.0022810939436332944
"Chicken leg, drumstick and thigh, fried, coated, skin / coating not eaten",0.00016783460460167987
"Chicken leg, drumstick and thigh, baked, coated, skin / coating eaten",0.0009814994256291953
"Chicken drumstick, baked, broiled, or roasted, skin eaten, from raw",0.003749701174470488
"Chicken drumstick, baked, broiled, or roasted, skin not eaten, from raw",0.009956423201124665
"Chicken drumstick, grilled with sauce, skin eaten",1.2901914196561393e-05
"Chicken drumstick, grilled with sauce, skin not eaten",7.154306620513096e-06
"Chicken drumstick, stewed, skin eaten",0.0006038277376845258
"Chicken drumstick, stewed, skin not eaten",0.0015567289707831833
"Chicken drumstick, fried, coated, skin / coating eaten, from raw",0.0012995463175098365
"Chicken drumstick, fried, coated, skin / coating not eaten, from raw",0.0058525113687988295
"Chicken drumstick, fried, coated, prepared skinless, coating eaten, from raw",0.0020742930617192457
"Chicken drumstick, fried, coated, skin / coating eaten, from pre-cooked",0.0019079944192093024
"Chicken drumstick, fried, coated, skin / coating eaten, from fast food / restaurant",0.0004312288169856515
"Chicken drumstick, fried, coated, skin / coating not eaten, from fast food / restaurant",0.0004191155646218192
"Chicken drumstick, baked, coated, skin / coating eaten",0.0010093175125316378
"Chicken thigh, baked, broiled, or roasted, skin eaten, from raw",0.0032946437431657927
"Chicken thigh, baked, broiled, or roasted, skin not eaten, from raw",0.0014641106669728288
"Chicken thigh, baked or broiled, skin not eaten, from fast food / restaurant",0.00040569915805654944
"Chicken thigh, stewed, skin eaten",0.0007357399233551831
"Chicken thigh, stewed, skin not eaten",0.0015872718364899896
"Chicken thigh, grilled with sauce, skin eaten",0.00016127431571000272
"Chicken thigh, grilled with sauce, skin not eaten",2.821127063855008e-07
"Chicken thigh, fried, coated, skin / coating eaten, from raw",0.00011275458529702576
"Chicken thigh, fried, coated, prepared skinless, coating eaten, from raw",0.0018612265471968925
"Chicken thigh, fried, coated, skin / coating eaten, from pre-cooked",0.0015316474378614942
"Chicken thigh, baked, coated, skin / coating eaten",0.002376544981377293
"Chicken wing, baked, broiled, or roasted, from raw",0.00445633381318622
"Chicken wing, baked or broiled, from fast food / restaurant",0.00035633071709284536
"Chicken wing, stewed",0.001983357772026295
"Chicken wing, grilled with sauce",0.00016424722987906648
"Chicken wing, fried, coated, from raw",0.0010080838099248979
"Chicken wing, baked, coated",0.0009510258876570532
"Chicken ""wings"" with hot sauce, from fast food / restaurant",6.840083355363902e-05
"Chicken ""wings"" with other sauces or seasoning, from fast food / restaurant",1.667920363246367e-05
"Chicken ""wings"" with hot sauce, from precooked",9.297476642089464e-05
"Chicken ""wings"" with other sauces or seasoning, from precooked",0.0002554616413519284
"Chicken ""wings"" with hot sauce, from other sources",0.0005499449055577088
"Chicken ""wings"" with other sauces or seasoning, from other sources",0.0002702395635978405
"Chicken ""wings"", plain, from other sources",0.0009894837991311078
"Chicken ""wings"", boneless, with hot sauce, from fast food / restaurant",0.000929125790346319
"Chicken ""wings"", boneless, with hot sauce, from other sources",4.238791743027548e-05
"Chicken, back",0.0029984766516690797
"Chicken, neck or ribs",0.002868251022221102
"Chicken, tail",0.00029522724112496235
Chicken skin,0.01111808341722309
Chicken feet,0.0013386803957082805
"Fried chicken chunks, Puerto Rican style",0.00030755399805393324
"Grapefruit, raw",0.00028027341707925757
"Grapefruit, canned",1.7875481423956785e-05
"Kumquat, raw",5.3623747813702494e-05
"Lemon, raw",0.04101510971861799
"Lime, raw",0.1679012646762299
"Orange, raw",4.554595831152142e-05
"Orange, canned, NFS",1.90518549239016e-05
"Orange, canned, juice pack",2.9146170209770617e-05
"Grapefruit juice, 100%, freshly squeezed",7.365486267829624e-05
"Grapefruit juice, 100%, with calcium added",4.883302707980874e-06
"Grapefruit juice,100%, frozen, reconstituted",0.00011569075131312445
"Orange juice, 100%, NFS",3.8831817546380876e-05
"Orange juice, 100%,  freshly squeezed",0.0003066317148263664
"Orange juice, 100%, canned, bottled or in a carton",0.00015330248059619578
"Orange juice, 100%, with calcium added, canned, bottled or in a carton",0.00020484138410914454
"Orange juice, 100%, frozen, not reconstituted",0.0001885500933518358
"Tangerine juice, 100%",5.988901410135413e-05
"Corn, cooked, from restaurant",0.00015073899546003133
"Corn, frozen, cooked, no added fat",0.005562007191429075
"Corn, canned, cooked, no added fat",3.0435690430152817e-06
"Corn, fresh, cooked, fat added, NS as to fat type",3.237258226818085e-05
"Corn, frozen, cooked, fat added, NS as to fat type",0.006205391946208394
"Corn, fresh, cooked with oil",0.00054471735591477
"Corn, fresh, cooked with butter or margarine",3.495511942119833e-05
"Corn, frozen, cooked with oil",0.005008666045757337
"Corn, frozen, cooked with butter or margarine",0.015219251689817526
"Corn, canned, cooked with oil",0.00010438333301188152
"Corn, canned, cooked with butter or margarine",6.639112206840991e-05
"Corn, creamed",0.004053550472224998
"Corn, canned, reduced sodium, cooked, no added fat",0.00020963720370126282
"Corn, canned, reduced sodium, cooked, fat added, NS as to fat type",1.778596091384088e-05
"Corn, canned, reduced sodium, cooked with oil",0.00022676919436115384
"Corn, canned, reduced sodium, cooked with butter or margarine",0.00043713594383554266
"Cheese, cottage, creamed, large or small curd",0.00010275965676065368
"Cottage cheese, farmer's",0.0002771117331210604
"Cheese, Ricotta",2.7588855109783594e-05
"Cheese, cottage, with fruit",0.00012160754219259218
"Cheese, cottage, with vegetables",2.1799079961581924e-05
"Cheese, cottage, dry curd",0.0020097225942894426
"Cheese, cottage, salted, dry curd",0.0008360180352919855
"Cheese, cottage, lowfat, with fruit",6.279553984178676e-05
"Cheese, cottage, lowfat, low sodium",3.918981122552623e-05
"Cheese, cottage cheese, with gelatin dessert",0.00013929555046310327
"Cheese, cottage cheese, with gelatin dessert and fruit",5.049607939788814e-05
"Cheese, cottage cheese, with gelatin dessert and vegetables",0.00013439386614244597
"Cream, light",1.9579765615063138e-05
"Cream, half and half, flavored",3.032757735610403e-06
"Cream, half and half, fat free",0.0002728719171507521
"Cream, heavy",9.663876542845466e-05
"Coffee creamer, liquid, flavored",2.4233114952920687e-05
"Coffee creamer, liquid, fat free, flavored",0.0003513680610183201
"Coffee creamer, powder, flavored",0.0013038859263154734
"Cream, whipped",7.183980667413437e-05
Whipped topping,0.00022639818835834546
"Sour cream, regular",5.946099337350574e-06
"Sour cream, light",7.697815199492197e-05
"Sour cream, fat free",0.10551718705148261
"Sour cream, imitation",6.820780145133654e-05
"Cream cheese, regular, plain",8.504621842320148e-06
"Cream cheese, regular, flavored",0.00015238920417831752
"Cream cheese spread, fat free",0.00010753342782088282
"Cheese spread, cream cheese, regular",0.00018460292085009655
"Fruit mixture, dried",5.501871760316135e-05
"Apple, dried",0.0007344987301269867
"Apricot, dried",0.0007662928880591835
"Blueberries, dried",0.00039781999443988525
"Cherries, dried",0.00036165570900159594
Banana chips,0.00015663510789032387
"Currants, dried",5.163318163958763e-05
"Cranberries, dried",1.161959737849827e-05
Date,9.024922748324116e-05
"Fig, dried",3.9174459873336787e-05
"Mango, dried",4.849356552760753e-05
"Papaya, dried",0.00020281934467192286
"Peach, dried",4.867255173124363e-06
"Pear, dried",0.0001038239856736567
"Persimmon, dried",2.020443257322313e-05
"Pineapple, dried",2.5384153270024967e-05
"Prune, dried",1.998745267073332e-06
Raisins,3.7960650290713716e-05
"Tamarind, dried",2.807388039371972e-06
Cheese souffle,0.0001820450979579391
"Egg, whole, cooked, NS as to cooking method",0.001760934103723244
"Egg, whole, pickled",0.0026246781150582876
"Egg, yolk only, raw",0.0057186218380618214
"Egg, yolk only, cooked, no added fat",0.00011097377615065795
"Duck egg, cooked",0.0035640146267290618
"Goose egg, cooked",0.003598350922407789
"Quail egg, canned",0.00315858954104975
"Egg, creamed",4.2653206477893946e-06
"Egg, Benedict",7.170280732194634e-05
"Egg, deviled",0.003826621889620796
"Egg salad, made with mayonnaise",0.002673690427135611
"Egg salad, made with mayonnaise-type salad dressing",0.0025907752033749176
"Egg salad, made with creamy dressing",0.0006517653716624494
"Egg salad, made with light creamy dressing",0.0007488608002379493
"Egg salad, made with Italian dressing",0.001901413943055985
"Egg salad, made with light Italian dressing",0.00019577167238082893
"Egg Salad, made with any type of fat free dressing",0.001825700382864781
Huevos rancheros,0.0001926102061204915
"Egg casserole with bread, cheese, milk and meat",4.704384759257607e-05
"Ripe plantain omelet, Puerto Rican style",3.777490020695495e-05
"Scrambled eggs with jerked beef, Puerto Rican style",0.002478597783037273
"Eggs a la Malaguena, Puerto Rican style",0.0011454250087972184
Shrimp-egg patty,0.0027058619900799386
"Egg omelet or scrambled egg, with cheese, made with margarine",0.004164501913079377
"Egg omelet or scrambled egg, with cheese, made with oil",0.0009012706893400946
"Egg omelet or scrambled egg, with cheese, made with butter",0.00045253907716436004
"Egg omelet or scrambled egg, with cheese, made with animal fat or meat drippings",0.008507305135704968
"Egg omelet or scrambled egg, with cheese, made with cooking spray",0.00047983616982349986
"Egg omelet or scrambled egg, with cheese, no added fat",0.00032633611566446064
"Egg omelet or scrambled egg, with meat, made with margarine",0.006733920891432987
"Egg omelet or scrambled egg, with meat, made with oil",0.0069880916036328955
"Egg omelet or scrambled egg, with meat, made with butter",0.0004023407221520614
"Egg omelet or scrambled egg, with meat, made with animal fat or meat drippings",0.00018516400380974574
"Egg omelet or scrambled egg, with meat, made with cooking spray",0.0018360985184013856
"Egg omelet or scrambled egg, with meat, no added fat",0.0017884601739410755
"Egg omelet or scrambled egg, with cheese and meat, made with margarine",0.003577784710730114
"Egg omelet or scrambled egg, with cheese and meat, made with oil",0.0004983439530175104
"Egg omelet or scrambled egg, with cheese and meat, made with butter",0.001499603724614218
"Egg omelet or scrambled egg, with cheese and meat, made with animal fat or meat drippings",0.00708380634510597
"Egg omelet or scrambled egg, with cheese and meat, made with cooking spray",2.6388405617083777e-05
"Egg omelet or scrambled egg, with cheese and meat, no added fat",0.00022995217760701792
"Egg omelet or scrambled egg, with cheese and tomatoes, no added fat",0.0012118683245976314
"Egg omelet or scrambled egg, with cheese, tomatoes, and dark-green vegetables, no added fat",0.0003994621553076172
"Egg omelet or scrambled egg, with meat and tomatoes, no added fat",0.00011669464713470745
"Egg omelet or scrambled egg, with meat, tomatoes, and dark-green vegetables, no added fat",0.00013870719234887474
"Egg omelet or scrambled egg, with cheese, meat, and tomatoes, no added fat",0.0004492678354051094
"Egg omelet or scrambled egg, with cheese, meat, tomatoes, and dark-green vegetables, no added fat",0.00021102262371996972
"Egg omelet or scrambled egg, with potatoes and/or onions, no added fat",0.00145800207430824
"Egg white omelet, scrambled, or fried, made with margarine",0.0011463183403197519
"Egg white omelet, scrambled, or fried, made with oil",0.006598031277738059
"Egg white omelet, scrambled, or fried, made with butter",4.637743391100457e-06
"Egg white omelet, scrambled, or fried, made with cooking spray",0.015178113286177464
"Egg white, omelet, scrambled, or fried, with cheese",0.003295338261208869
"Egg white, omelet, scrambled, or fried, with meat",0.0037639677621896794
"Egg white, omelet, scrambled, or fried, with vegetables",5.233494975875885e-05
"Egg white, omelet, scrambled, or fried, with cheese and meat",0.0012662892995525254
"Egg white, omelet, scrambled, or fried, with cheese and vegetables",0.0010617110541666364
"Egg white, omelet, scrambled, or fried, with meat and vegetables",0.0005862476059821375
"Egg white, omelet, scrambled, or fried, with cheese, meat, and vegetables",0.00017378281118496375
"Egg substitute, omelet, scrambled, or fried, fat added",0.0002722356177855545
"Egg substitute, omelet, scrambled, or fried, no added fat",0.00015877921424767294
"Egg substitute, omelet, scrambled, or fried, with cheese",4.440912108449879e-05
"Egg substitute, omelet, scrambled, or fried, with meat",0.00041313003246656876
"Egg substitute, omelet, scrambled, or fried, with vegetables",0.0001411230967587329
"Egg substitute, omelet, scrambled, or fried, with cheese and meat",2.487958495756004e-05
"Egg substitute, omelet, scrambled, or fried, with cheese and vegetables",0.00016291658018019461
"Egg substitute, omelet, scrambled, or fried, with meat and vegetables",0.001549010972658138
"Egg substitute, omelet, scrambled, or fried, with cheese, meat, and vegetables",0.00023299423861367075
"Fish, NS as to type, raw",0.008340044098131827
"Fish, NS as to type, baked or broiled, made with butter",0.001948685283570839
"Fish, NS as to type, baked or broiled, made with margarine",0.007450536426111043
"Fish, NS as to type, baked or broiled, no added fat",0.0050020432148887295
"Fish, NS as to type, baked or broiled, made with cooking spray",0.010860963095030485
"Fish, NS as to type, coated, baked or broiled, made with oil",0.006834562326529792
"Fish, NS as to type, coated, baked or broiled, made with butter",0.0024020292343180927
"Fish, NS as to type, coated, baked or broiled, made with margarine",0.005897395634898217
"Fish, NS as to type, coated, baked or broiled, no added fat",0.005512550316982612
"Fish, NS as to type, coated, baked or broiled, made with cooking spray",0.011603480898244811
"Fish, NS as to type, coated, fried, made with oil",0.003798903551626154
"Fish, NS as to type, coated, fried, made with butter",0.004164931090297586
"Fish, NS as to type, coated, fried, made with margarine",0.0009553089696563433
"Fish, NS as to type, coated, fried, no added fat",0.010586248232122841
"Fish, NS as to type, coated, fried, made with cooking spray",0.008779175284258756
"Fish, NS as to type, from fast food",0.005142051192695618
"Barracuda, coated, baked or broiled, fat added",0.004366236573002169
"Barracuda, coated, baked or broiled, no added fat",0.0002331216987450091
"Barracuda, coated, fried",0.010600667787155515
"Carp, baked or broiled, fat added",0.0021392704205087654
"Carp, coated, baked or broiled, fat added",0.0026566640411793685
"Carp, coated, baked or broiled, no added fat",0.006516944077915809
"Carp, smoked",0.005899620449438814
"Catfish, baked or broiled, made with oil",0.006205654413340866
"Catfish, baked or broiled, made with butter",0.0006123868732963444
"Catfish, baked or broiled, made with margarine",0.0007957587819440448
"Catfish, baked or broiled, made with cooking spray",0.0016161990605301213
"Catfish, coated, baked or broiled, made with oil",0.007992665913656438
"Catfish, coated, baked or broiled, made with butter",0.0007330555178342024
"Catfish, coated, baked or broiled, made with margarine",0.004662276872966942
"Catfish, coated, baked or broiled, no added fat",0.005637759692904254
"Catfish, coated, baked or broiled, made with cooking spray",0.005930981755879472
"Catfish, coated, fried, made with butter",0.0007740624010743602
"Catfish, coated, fried, made with margarine",0.004753238329492149
"Catfish, coated, fried, no added fat",0.001852580997122424
"Catfish, coated, fried, made with cooking spray",0.004320361554066565
"Cod, baked or broiled, made with butter",0.004811103861657173
"Cod, baked or broiled, made with margarine",0.002603370175442876
"Cod, baked or broiled, made with cooking spray",0.019612155588237812
"Cod, coated, baked or broiled, made with oil",0.004680259435584588
"Cod, coated, baked or broiled, made with butter",4.283756529055438e-05
"Cod, coated, baked or broiled, made with margarine",0.005531331012850416
"Cod, coated, baked or broiled, no added fat",0.014217919694853975
"Cod, coated, baked or broiled, made with cooking spray",0.012954300305729305
"Cod, coated, fried, made with oil",0.0022016780217093412
"Cod, coated, fried, made with butter",1.7652087279884654e-05
"Cod, coated, fried, made with margarine",0.0036267902502338245
"Cod, coated, fried, no added fat",0.0016565845943219415
"Cod, coated, fried, made with cooking spray",0.007988584508018093
"Cod, dried, salted, salt removed in water",0.004606295269093508
"Cod, smoked",0.017426176226978285
"Croaker, coated, baked or broiled, fat added",0.0027988667205978146
"Croaker, coated, baked or broiled, no added fat",0.0031067914325255686
"Croaker, coated, fried",0.000824134228153639
"Eel, cooked, NS as to cooking method",0.0011981639097946584
"Eel, steamed or poached",0.003418811535485844
"Eel, smoked",0.003995935423720454
"Flounder, raw",0.009014862651261168
"Flounder, baked or broiled, made with oil",0.007059704334148265
"Flounder, baked or broiled, made with butter",2.5438469430483224e-05
"Flounder, baked or broiled, made with margarine",0.002288354780365154
"Flounder, baked or broiled, made with cooking spray",0.0008945583720834094
"Flounder, coated, baked or broiled, made with oil",0.004700159246045388
"Flounder, coated, baked or broiled, made with butter",0.0005466844752479716
"Flounder, coated, baked or broiled, made with margarine",0.002149464229201925
"Flounder, coated, baked or broiled, no added fat",0.002265253161374048
"Flounder, coated, baked or broiled, made with cooking spray",0.007515197736257306
"Flounder, coated, fried, made with butter",7.989118781459581e-05
"Flounder, coated, fried, made with margarine",0.0033909080428031757
"Flounder, coated, fried, no added fat",0.005016149932243863
"Flounder, coated, fried, made with cooking spray",0.0014694713409859617
"Flounder, smoked",0.0014147723745026042
"Haddock, baked or broiled, no added fat",0.021552582319822378
"Haddock, coated, baked or broiled, fat added",0.0035664141837781216
"Haddock, coated, baked or broiled, no added fat",0.007303019908921016
"Haddock, coated, fried",0.0010447493169731814
"Haddock, steamed or poached",0.019016826511077056
"Haddock, smoked",0.00021965415663416366
"Halibut, raw",0.008581697614568284
"Halibut, baked or broiled, made with butter",0.0002699652900570726
"Halibut, baked or broiled, made with margarine",0.0009077179852976514
"Halibut, baked or broiled, no added fat",0.007988090484401411
"Halibut, baked or broiled, made with cooking spray",0.005983046091341038
"Halibut, coated, baked or broiled, made with oil",0.004883444925445346
"Halibut, coated, baked or broiled, made with butter",0.003957029699321879
"Halibut, coated, baked or broiled, made with margarine",0.004712679751262883
"Halibut, coated, baked or broiled, no added fat",0.003775007748719972
"Halibut, coated, fried, made with oil",0.0015015982630490754
"Halibut, coated, fried, made with butter",0.0001082378818662022
"Halibut, coated, fried, made with margarine",0.0013276886127773224
"Halibut, coated, fried, no added fat",0.007757006076342776
"Halibut, coated, fried, made with cooking spray",0.0023871932691701403
"Halibut, smoked",0.0063045566148005605
"Herring, raw",0.00016881523319689506
"Herring, baked or broiled, no added fat",0.0012042944582173476
"Herring, coated, baked or broiled, fat added",0.0018220525451404512
"Herring, coated, baked or broiled, no added fat",0.0029186491833534944
"Herring, coated, fried",0.0023950060212118984
"Herring, pickled, in cream sauce",0.00026071359160262375
"Herring, dried, salted",0.0013449956696121035
"Herring, pickled",0.0016304628089045536
"Herring, smoked, kippered",0.0005218070351400696
"Mackerel, raw",0.00022407456138928694
"Mackerel, baked or broiled, no added fat",9.33097828871807e-05
"Mackerel, coated, baked or broiled, fat added",0.001174622863670649
"Mackerel, coated, baked or broiled, no added fat",0.003348323922581997
"Mackerel, coated, fried",0.002279921678546515
"Mackerel, pickled",8.925706875804624e-05
"Mackerel, canned",0.0018775328799858215
"Mullet, raw",0.0038927314249548317
"Mullet, baked or broiled, fat added",0.0012181627377128024
"Mullet, baked or broiled, no added fat",0.0016535467873026732
"Mullet, coated, baked or broiled, fat added",0.0019385744196256383
"Mullet, coated, baked or broiled, no added fat",0.002916235036156678
"Mullet, steamed or poached",0.00010986377406207136
"Ocean perch, raw",0.00938968874207724
"Ocean perch, baked or broiled, no added fat",0.008318243064955766
"Ocean perch, coated, baked or broiled, fat added",0.0009954212102982751
"Ocean perch, coated, baked or broiled, no added fat",0.003340911220412579
"Ocean perch, coated, fried",0.0007755814927090654
"Ocean perch, steamed or poached",0.000437966519129418
"Perch, baked or broiled, made with oil",0.0026901325543278176
"Perch, baked or broiled, made with butter",3.981212330295136e-05
"Perch, baked or broiled, no added fat",0.006917932873893307
"Perch, baked or broiled, made with cooking spray",0.007121330017936245
"Perch, coated, baked or broiled, made with oil",0.004121844972964084
"Perch, coated, baked or broiled, made with butter",0.0002855894237701051
"Perch, coated, baked or broiled, made with margarine",0.005806286726475207
"Perch, coated, baked or broiled, no added fat",0.0034014878029839934
"Perch, coated, baked or broiled, made with cooking spray",0.006411832258347516
"Perch, coated, fried, made with butter",0.00010836930601421102
"Perch, coated, fried, made with margarine",0.0012771353907972127
"Perch, coated, fried, no added fat",0.0018487229610926192
"Perch, coated, fried, made with cooking spray",0.0017259985421311796
"Perch, steamed or poached",0.004122535544052397
"Pike, cooked, NS as to cooking method",0.0033271202600406724
"Pike, baked or broiled, fat added",0.002006530291952302
"Pike, coated, baked or broiled, fat added",0.002264277832878747
"Pike, coated, baked or broiled, no added fat",0.0010626563824072122
"Pike, coated, fried",0.003278793623398002
"Pompano, raw",3.7185484323894274e-05
"Pompano, baked or broiled, no added fat",0.0001354771563999435
"Pompano, coated, baked or broiled, fat added",0.0003705260009438892
"Pompano, coated, baked or broiled, no added fat",0.0012478099641608509
"Pompano, coated, fried",0.0010000499680646868
"Pompano, steamed or poached",2.605578518601224e-06
"Pompano, smoked",0.00040221597487821725
"Porgy, raw",0.007680142890205133
"Porgy, coated, baked or broiled, fat added",0.0006955972237019381
"Porgy, coated, baked or broiled, no added fat",0.0008694155705626372
"Porgy, coated, fried",0.0009842721873223326
"Porgy, steamed or poached",9.344200433503147e-05
"Salmon, raw",0.006729184052993276
"Salmon, baked or broiled, made with butter",0.00019412020599673951
"Salmon, baked or broiled, made with cooking spray",0.0032948600407749495
"Salmon, coated, baked or broiled, made with oil",0.0024703929203067077
"Salmon, coated, baked or broiled, made with butter",0.00028628657483587006
"Salmon, coated, baked or broiled, made with margarine",0.0011364385493450868
"Salmon, coated, baked or broiled, no added fat",0.0016846778621228964
"Salmon, coated, baked or broiled, made with cooking spray",0.0007679074795081675
"Salmon, coated, fried, made with oil",3.7174968969821975e-05
"Salmon, coated, fried, made with butter",2.543665086740532e-05
"Salmon, coated, fried, made with margarine",0.0006914242870390552
"Salmon, coated, fried, no added fat",0.0020556168861318724
"Salmon, coated, fried, made with cooking spray",0.0013833430902820965
"Salmon, dried",0.001826795180688734
"Salmon, canned",8.601833519217563e-05
"Sardines, dried",0.0019321434147094863
"Sardines, skinless, boneless, packed in water",0.00012336263010759296
"Sea bass, coated, baked or broiled, fat added",0.0025438226774774364
"Sea bass, coated, baked or broiled, no added fat",0.0021683706501907096
"Sea bass, coated, fried",0.0016699776141404499
"Sea bass, pickled",6.71458704353256e-05
"Sturgeon, steamed",0.001403712164915305
"Sturgeon, coated, fried",0.0034384536862042125
"Sturgeon, smoked",0.000661674986638161
"Swordfish, baked or broiled, no added fat",0.0004004727231663452
"Swordfish, coated, baked or broiled, fat added",0.00023682969044891422
"Swordfish, coated, baked or broiled, no added fat",0.0017875775259295068
"Swordfish, coated, fried",0.001180384391528122
"Trout, baked or broiled, made with butter",9.395219874264171e-05
"Trout, baked or broiled, made with margarine",0.00856303965721672
"Trout, baked or broiled, no added fat",6.957519323336214e-05
"Trout, baked or broiled, made with cooking spray",0.0030959166995803145
"Trout, coated, baked or broiled, made with oil",0.0019520676842361695
"Trout, coated, baked or broiled, made with butter",0.0003863938032626635
"Trout, coated, baked or broiled, made with margarine",0.0005487395512844273
"Trout, coated, baked or broiled, no added fat",0.0057981741956947275
"Trout, coated, baked or broiled, made with cooking spray",0.0011295893130274237
"Trout, coated, fried, made with oil",0.0006846725213052754
"Trout, coated, fried, made with butter",0.00028893325812973103
"Trout, coated, fried, made with margarine",0.0004207514085491725
"Trout, coated, fried, no added fat",0.0019517803576469817
"Trout, coated, fried, made with cooking spray",0.001886573827604781
"Trout, smoked",0.0008627129979661419
"Tuna, fresh, raw",0.0024966265568071577
"Tuna, fresh, baked or broiled, no added fat",0.0009105046973569841
"Tuna, fresh, coated, baked or broiled, fat added",0.0023093934290692175
"Tuna, fresh, coated, baked or broiled, no added fat",0.003003293461688372
"Tuna, fresh, coated, fried",0.0009332620706388184
"Tuna, fresh, steamed or poached",0.0004594151104182487
"Tuna, fresh, dried",0.0017369395982154145
"Tuna, canned, oil pack",0.0004057937786825505
"Whiting, baked or broiled, made with oil",0.0019183520193006842
"Whiting, baked or broiled, made with butter",1.9904602428511e-06
"Whiting, baked or broiled, made with margarine",0.00022140846268570158
"Whiting, baked or broiled, made with cooking spray",0.0015691264418844497
"Whiting, coated, baked or broiled, made with oil",0.0010608004383829694
"Whiting, coated, baked or broiled, made with butter",1.69755288137452e-05
"Whiting, coated, baked or broiled, made with margarine",0.0038714071402168315
"Whiting, coated, baked or broiled, no added fat",0.0034164700833798634
"Whiting, coated, fried, made with butter",0.0002761725460107556
"Whiting, coated, fried, made with margarine",0.0004228583715768508
"Whiting, coated, fried, no added fat",0.004609252453279922
"Whiting, coated, fried, made with cooking spray",0.002160384326804987
"Whiting, steamed or poached",0.002010798047525242
"Tilapia, baked or broiled, made with butter",9.206999465050103e-07
"Tilapia, baked or broiled, made with margarine",0.001263174591175087
"Tilapia, baked or broiled, made with cooking spray",0.0005283655782726271
"Tilapia, coated, baked or broiled, made with oil",0.006250593769717483
"Tilapia, coated, baked or broiled, made with butter",0.005800344679126823
"Tilapia, coated, baked or broiled, made with margarine",0.009867848161485782
"Tilapia, coated, baked or broiled, no added fat",0.0010851861147041508
"Tilapia, coated, baked or broiled, made with cooking spray",0.0029673177649982563
"Tilapia, coated, fried, made with oil",0.004692916540911085
"Tilapia, coated, fried, made with butter",0.00014778890019151447
"Tilapia, coated, fried, made with margarine",0.0009697906185799354
"Tilapia, coated, fried, no added fat",0.002204810247995681
"Tilapia, coated, fried, made with cooking spray",0.0007814646811503678
"Roe, shad, cooked",0.0011731178416045651
"Roe, herring",0.0009585744792577344
"Roe, sturgeon",0.008417428042696073
Seafood restructured,5.832000636729617e-05
"Grapes, raw",6.032817142020974e-05
"Ground beef, raw",8.846452403332705e-05
"Ground beef patty, cooked",0.003896121278673448
"Veal, ground or patty, cooked",0.0009441507137228911
"Lamb, NS as to cut, cooked",4.5913767980465536e-05
"Lamb, shoulder chop, cooked, lean only eaten",0.0018795777880811215
"Lamb, ribs, cooked, lean only eaten",0.0005430579856859907
"Lamb hocks, cooked",0.00152602492982723
"Lamb, roast, cooked, lean only eaten",0.000541144306168917
"Lamb, ground or patty, cooked",0.00017347614453022686
"Goat, fried",0.003018536431932617
"Goat head, cooked",0.0003014734093191862
"Rabbit, NS as to domestic or wild, breaded, fried",0.00029458078300059753
"Rabbit, wild, cooked",0.0007795774175640702
"Venison/deer steak, cooked, NS as to cooking method",0.0007899408447382683
"Venison/deer steak, breaded or floured, cooked, NS as to cooking method",0.0009705986573500525
"Deer chop, cooked",0.0030958028435232876
"Moose, cooked",0.004969137913189314
"Bear, cooked",0.0027105285507449395
"Caribou, cooked",0.0006894941513220232
"Bison, cooked",0.004440195442624528
"Ground hog, cooked",0.0055153681682948985
"Opossum, cooked",0.003443534239103485
"Squirrel, cooked",0.003516354176939629
"Beaver, cooked",0.00020428045929499206
"Raccoon, cooked",1.3962964118263699e-08
"Armadillo, cooked",0.0033993466056827515
"Wild pig, smoked",0.0007978271299826645
"Romaine lettuce, raw",0.00020165975502450806
"Caesar salad, with romaine, no dressing",0.00027475462841231035
"Radicchio, raw",0.1505696595191175
"Lettuce, raw",3.5214363691693507e-07
"Lettuce, Boston, raw",0.0027560517754672276
"Lettuce, arugula, raw",5.808717392241647e-05
"Mixed salad greens, raw",7.801256047734739e-05
"Lettuce, salad with assorted vegetables including tomatoes and/or carrots, no dressing",0.00026310734934398283
"Lettuce, salad with assorted vegetables excluding tomatoes and carrots, no dressing",1.947673316671228e-05
"Lettuce, salad with avocado, tomato, and/or carrots, with or without other vegetables, no dressing",0.00013413434324149875
"Lettuce, salad with cheese, tomato and/or carrots, with or without other vegetables, no dressing",0.00015845336408126798
"Lettuce, salad with egg, tomato, and/or carrots, with or without other vegetables, no dressing",4.24176865610552e-05
"Lettuce, salad with egg, cheese, tomato, and/or carrots, with or without other vegetables, no dressing",7.348432786358217e-05
"Lettuce, cooked",2.6351631367121388e-05
"Beef liver, braised",0.003172382286290798
"Beef liver, fried",0.005931036000657031
"Chicken liver, braised",0.0017708286526580963
"Chicken liver, fried",0.0005301437898843631
"Liver paste or pate, chicken",0.00015515751944938927
"Heart, cooked",0.0047226469806318505
"Kidney, cooked",0.00019331501453123678
"Sweetbreads, cooked",0.0033842187425126014
"Brains, cooked",0.0026837017028480403
"Tongue, cooked",4.6500733823506835e-05
"Tongue pot roast, Puerto Rican style",7.277614742484673e-05
"Tripe, cooked",9.165346082617987e-05
"Chitterlings, cooked",0.0007948465836538077
"Hog maws, cooked",4.010300466106287e-05
"Gizzard, cooked",0.0019139172715032515
"Mango, canned",0.0002511596024987739
"Papaya, raw",5.950416898770072e-06
"Papaya, canned",0.0001434162238798109
"Margarine, NFS",0.000618516665134905
"Butter replacement, powder",0.01039846981335657
"Oil or table fat, NFS",0.0016636168537083051
"Shortening, NS as to vegetable or animal",0.0006526196039890067
"Cantaloupe, raw",0.00018687365023772884
"Cassaba melon, raw",6.598667581769746e-05
"Honeydew melon, raw",2.647309824836775e-05
"Watermelon, raw",0.0001023252171261646
"Kefir, NS as to fat content",0.00015205067001211603
"Milk, calcium fortified, fat free (skim)",0.00036545584533165254
"Milk, evaporated, fat free (skim)",8.684928740976261e-05
"Milk, NFS",1.554247743129622e-05
"Buttermilk, reduced fat (2%)",0.000502856716900979
"Milk, evaporated, reduced fat (2%)",0.0003497114265726964
"Milk, low sodium, whole",0.00022753516971008025
"Buttermilk, whole",2.6266492625381943e-07
"Goat's milk, whole",4.7031486527515654e-05
"Milk, dry, reconstituted, whole",9.770767008454584e-05
"Almonds, NFS",0.000991137740340875
"Almonds, unroasted",0.0027943620104000644
"Almonds, salted",0.0025058855765713872
"Almonds, lightly salted",0.00263462934175962
"Almonds, unsalted",0.0011953349856188566
"Almonds, flavored",0.0033631660570802554
"Almonds, honey roasted",0.0030753175202740124
Brazil nuts,0.0011522275131891238
"Cashews, salted",0.0003842246446907893
"Cashews, lightly salted",0.0011472202633626694
"Cashews, unsalted",0.0014970979451795576
"Cashews, honey roasted",7.305051758521586e-05
Chestnuts,0.0018239577390453121
"Coconut, fresh",1.0204757227683103e-05
"Coconut, packaged",0.00016521593734708517
Hazelnuts,0.00033028721274241946
Macadamia nuts,0.0005523726771654985
"Mixed nuts, unroasted",0.0005604186743377038
"Mixed nuts, with peanuts, lightly salted",0.0010619037814709742
"Mixed nuts, with peanuts, unsalted",0.0018910262245235288
"Mixed nuts, without peanuts, salted",0.0015711534109996705
"Mixed nuts, without peanuts, unsalted",0.005145796146569986
"Mixed nuts, honey roasted",0.0012151036825258643
"Peanuts, boiled",0.0007340893927914038
"Peanuts, unroasted",0.0009970604461173593
"Peanuts, dry roasted, lightly salted",0.0023282725515016978
"Peanuts, honey roasted",4.2837101840665536e-05
"Pecans, salted",0.002156394438024625
"Pecans, unsalted",0.0009168137863519786
"Pecans, honey roasted",0.0013069414890019004
Pine nuts,0.0006018201652651101
"Pistachio nuts, NFS",0.008472511076357492
"Pistachio nuts, salted",9.759186433200284e-06
"Pistachio nuts, lightly salted",0.0003601990032393587
"Pistachio nuts, unsalted",0.007318673429800526
"Walnuts, excluding honey roasted",0.0004609679187941065
"Walnuts, honey roasted",0.00018957530256535904
Almond paste,6.013854724251644e-05
Cashew butter,0.00013442063489144118
Peanut butter,0.0002244091557361827
"Peanut butter, lower sodium",0.00012163498202788503
"Peanut butter, lower sodium and lower sugar",0.0032303425591866386
"Peanut butter, lower sugar",0.0008834642605936098
"Peanut butter, reduced fat",0.003911951369408584
"Peanut butter, vitamin and mineral fortified",0.0016356766349741036
Peanut butter and jelly,8.174495431134687e-05
Peanut butter and chocolate spread,0.00014254847929784376
Trail mix with nuts,0.00043372461567692255
Trail mix with chocolate,0.00013163162447860088
"Trail mix with pretzels, cereal, or granola",0.003794010021074712
"Pumpkin seeds, salted",0.0011596259942319165
"Sunflower seeds, plain, salted",0.012005475505739938
"Sunflower seeds, flavored",0.003432965598472393
Sesame seeds,0.001090539537953461
Tahini,0.002103577973096791
Mixed seeds,0.004705043237602773
"Oatmeal, from fast food, plain",0.024096938568609616
"Oatmeal, from fast food, fruit flavored",0.00011146840004094827
"Oatmeal, regular or quick, made with milk, no added fat",4.824524937241392e-05
"Oatmeal, regular or quick, made with non-dairy milk, no added fat",0.0002389524657857578
"Oatmeal, instant, plain, made with water, no added fat",0.04709428448178521
"Oatmeal, instant, plain, made with milk, no added fat",0.00011370473580818441
"Oatmeal, instant, plain, made with non-dairy milk, no added fat",0.0010900775951618868
"Oatmeal, instant, fruit flavored, no added fat",8.557545448972803e-05
"Oatmeal, made with milk and sugar, Puerto Rican style",2.6502583394128628e-05
"Oatmeal, multigrain, no added fat",0.11050683065999145
"Leek, raw",0.00018258898881384766
"Onions, green, raw",0.03422559295495198
"Onions, raw",1.620148744230221e-05
"Leek, cooked",0.0010651273392578986
"Onions, cooked, no added fat",5.438622973841234e-05
"Onions, cooked, fat added",4.078550671415826e-05
"Onions, pearl, cooked",0.0002465144227059568
"Onions, green, cooked",0.0002793456837615338
Greens with ham or pork,0.000500241326999884
"Beet greens, raw",0.8972060011915062
"Beet greens, cooked",9.577308155961362e-05
"Chard, raw",0.0003297757966826964
"Chard, cooked",6.332337687986467e-05
"Collards, raw",0.2753018025513825
"Collards, fresh, cooked, no added fat",0.23650193745002568
"Collards, frozen, cooked, no added fat",0.07141823634515454
"Collards, frozen, cooked, fat added, NS as to fat type",0.0031066406141437852
"Collards, fresh, cooked with oil",0.018556815290157402
"Collards, fresh, cooked with butter or margarine",0.0001168958028916478
"Collards, frozen, cooked with oil",0.007459350669630993
"Collards, frozen, cooked with butter or margarine",9.251389191078374e-05
"Collards, canned, cooked with oil",6.241010081531329e-05
"Collards, canned, cooked with butter or margarine",0.00010913645009402728
"Cress, raw",0.00011094959729085474
"Dandelion greens, raw",0.06684911340558486
"Dandelion greens, cooked",0.0005992523856175325
"Escarole, cooked",0.0002135027692187208
"Greens, fresh, cooked, no added fat",0.02126321570350953
"Greens, frozen, cooked, no added fat",0.004460239973456126
"Greens, frozen, cooked, fat added",0.000278706991631239
"Kale, raw",0.012401732070156157
"Kale, fresh, cooked, no added fat",0.005274886594481387
"Kale, frozen, cooked, no added fat",1.6237688674536344e-05
"Kale, frozen, cooked, fat added",0.00035903535666825803
"Lambsquarter, cooked",3.382791137340746e-05
"Mustard cabbage, cooked",0.00017242299285413765
"Mustard greens, raw",2.0679080403596117e-06
"Mustard greens, fresh, cooked, no added fat",5.3763298829778705e-05
"Mustard greens, frozen, cooked, no added fat",0.16232551035926157
"Mustard greens, frozen, cooked, fat added",5.7218343449960685e-05
"Poke greens, cooked",0.00017818950818337953
"Taro leaves, cooked",7.058520846214833e-05
"Turnip greens, fresh, cooked, no added fat",0.29913795401451004
"Turnip greens, frozen, cooked, no added fat",0.011393852883463396
"Turnip greens, frozen, cooked, fat added",0.00021923028473658235
"Watercress, raw",0.0011012639571532645
"Watercress, cooked",3.664799440450395e-05
"Bitter melon, horseradish, jute, or radish leaves, cooked",0.0008596099123678869
"Sweet potato, squash, pumpkin, chrysanthemum, or bean leaves, cooked",1.2389817489484463e-06
"Fruit, NFS",0.00011442572726316769
"Fruit, pickled",9.502683566253722e-06
"Apricot, raw",4.283654460124353e-05
"Apricot, canned",4.101160754999e-06
"Starfruit, raw",5.3393175029725626e-05
"Cherries, maraschino",0.00034009642297760934
"Cherries, canned",8.512026784757154e-06
"Fig, raw",0.00022260926328243613
"Fig, canned",1.3918258710258531e-05
"Guava, raw",0.0002849662486230642
"Kiwi fruit, raw",0.00023554055475116797
Lychee,0.00013410176448580557
"Passion fruit, raw",6.917013177343279e-06
"Persimmon, raw",2.0347261536650555e-05
"Plum, raw",5.473848290549199e-05
"Plum, canned",0.00010382726160429456
"Pomegranate, raw",0.0006082230019863744
Rhubarb,0.000359081095947289
Tamarind,0.0005042760025286697
Ambrosia,0.0004038362313281141
"Fruit salad, fresh or raw,  excluding citrus fruits, no dressing",0.0003649493258972569
"Fruit salad, fresh or raw, including citrus fruits, no dressing",0.00013230012662468482
"Fruit mixture, frozen",0.0012567395326001929
Apple salad with dressing,3.932191160771481e-05
"Fruit, chocolate covered",1.0605831105792163e-05
"Fruit salad, excluding citrus fruits, with salad dressing or mayonnaise",8.918593766260585e-05
"Fruit salad, excluding citrus fruits, with whipped cream",7.061847987088754e-05
"Fruit salad, excluding citrus fruits, with nondairy whipped topping",8.791124608364953e-05
"Fruit salad, excluding citrus fruits, with marshmallows",1.2309111645189511e-05
"Fruit salad, including citrus fruits, with pudding",0.0005418040787930067
"Fruit salad, excluding citrus fruits, with pudding",4.06644714625624e-05
"Fruit salad, including citrus fruits, with salad dressing or mayonnaise",0.00047230713307477856
"Fruit salad, including citrus fruit, with whipped cream",0.00030268924002463393
"Fruit salad, including citrus fruits, with nondairy whipped topping",7.722972824275587e-05
"Fruit salad, including citrus fruits, with marshmallows",0.00048008853157632814
Pineapple salad with dressing,5.778447602011738e-05
"Pumpkin, canned, cooked",5.837132355224044e-05
"Winter squash, raw",0.00012764538187148844
"Winter squash, cooked, no added fat",3.753911558490586e-05
"Winter squash, cooked, fat added",2.0225477147306492e-05
"Sweet potato, baked, peel eaten, no added fat",0.0003620041681315911
"Sweet potato, baked, peel eaten, made with oil",1.2109972887586196e-05
"Sweet potato, baked, peel eaten, made with butter",3.1494628371930844e-05
"Sweet potato, baked, peel eaten, made with margarine",0.00018499973368335532
"Sweet potato, baked, peel not eaten, no added fat",4.419326912952215e-05
"Sweet potato, baked, peel not eaten, made with oil",0.00029564234539058987
"Sweet potato, baked, peel not eaten, made with butter",0.000421486673365834
"Sweet potato, baked, peel not eaten, made with margarine",3.082868832748886e-05
"Sweet potato, boiled, made with oil",0.0005700508422616934
"Sweet potato, boiled, made with butter",0.0004954794208220648
"Sweet potato, boiled, made with margarine",0.00040238544167081614
"Sweet potato, candied",7.479541347343854e-05
"Sweet potato, canned, no added fat",0.00032838407991953034
"Sweet potato, casserole or mashed",3.770723002816112e-05
"Pepper, sweet, red, raw",1.5642241937285917e-06
"Peppers, red, cooked",6.710543824617332e-05
"Spaghetti squash, cooked",0.00012336088066788875
"Plantain, cooked, fat added, NS as to fat type",1.4834634445293204e-05
"Plantain, cooked with butter or margarine",0.00012004632386997116
"Cassava, cooked",0.010446852255366679
"Yam, cooked, Puerto Rican",0.030450661671828527
"Celeriac, cooked",4.326983906767159e-05
Fufu,0.011718683977118616
Poi,0.03824743609683878
"Green peas, raw",3.890037458909035e-05
"Lima beans, from frozen, no added fat",0.01961069912305824
"Breadfruit, cooked",6.206818825482685e-05
"Green peas, cooked, from restaurant",0.00030702127734549833
"Green peas, fresh, cooked, no added fat",0.0004157846912455909
"Green peas, frozen, cooked, no added fat",4.9454702079287927e-05
"Green peas, canned, cooked, no added fat",9.70647182008122e-06
"Green peas, fresh, cooked, fat added, NS as to fat type",0.0003089066819441655
"Green peas, canned, cooked, fat added, NS as to fat type",0.00020484585685309753
"Green peas, fresh, cooked with oil",0.00017065562246187937
"Green peas, fresh, cooked with butter or margarine",0.0004530249587944013
"Green peas, frozen, cooked with oil",8.60833740468081e-06
"Green peas, frozen, cooked with butter or margarine",4.0716200558676974e-05
"Green peas, canned, cooked with oil",1.9961963726444765e-05
"Green peas, canned, cooked with butter or margarine",0.00048299677465379887
"Green peas, canned, reduced sodium, cooked, no added fat",4.283924059933497e-07
"Green peas, canned, reduced sodium, cooked, fat added, NS as to fat type",0.00016966424873743335
"Green peas, canned, reduced sodium, cooked with oil",9.509121368722617e-05
"Green peas, canned, reduced sodium, cooked with butter or margarine",0.0002740783125130264
Water Chesnut,0.0041294704356573675
"Lima beans and corn, cooked, no added fat",0.00927293348453162
"Lima beans and corn, cooked, fat added",0.006843884391759758
"Peas and corn, cooked, no added fat",0.0001918187403386895
"Peas and corn, cooked, fat added",0.0002958618189552453
"Green plantain with cracklings, Puerto Rican style",0.0007388302254724977
"Avocado, raw",0.0017131136557910764
"Peas and carrots, fresh, cooked, no added fat",5.4854250311819897e-05
"Peas and carrots, frozen, cooked, no added fat",0.0002093592101353181
"Peas and carrots, canned, cooked, no added fat",4.187846197289957e-05
"Peas and carrots, frozen, cooked, fat added",0.0005114848606204703
"Peas and carrots, canned, cooked, fat added",4.1414198872047336e-05
"Raw vegetable, NFS",0.00025105606789388446
"Alfalfa sprouts, raw",0.008049700874156684
"Asparagus, raw",0.0003377595807790493
"Beets, raw",9.608993849496983e-05
"Broccoflower, raw",2.6563912935984035e-06
"Brussels sprouts, raw",0.0005916481297099097
"Cauliflower, raw",0.0001393324926102224
"Fennel bulb, raw",0.00024236739209371194
"Cucumber, raw",0.00039387584208760984
"Eggplant, raw",2.964606185962282e-05
"Jicama, raw",0.0003424945768752963
"Kohlrabi, raw",3.942458077155209e-05
"Mushrooms, raw",0.0004606176880361801
"Pepper, Serrano, raw",3.459252787235164e-05
"Pepper, raw, NFS",3.739508243860712e-05
"Pepper, banana, raw",0.0001893227881559767
"Radish, raw",5.218168789511424e-06
"Rutabaga, raw",7.869117923675617e-05
"Snowpeas, raw",9.962709292032912e-05
"Summer squash, yellow, raw",5.4085792067226635e-05
"Summer squash, green, raw",8.429986754343588e-05
"Turnip, raw",4.993906804529047e-05
"Asparagus, fresh, cooked, no added fat",7.02317815282072e-05
"Asparagus, frozen, cooked, no added fat",0.00030463173134620547
"Asparagus, canned, cooked, no added fat",0.00012031586369332103
"Asparagus, frozen, cooked, fat added, NS as to fat type",0.0009099432818864273
"Asparagus, canned, cooked, fat added, NS as to fat type",2.974428989155342e-05
"Asparagus, fresh, cooked with oil",0.0001504484012464502
"Asparagus, fresh, cooked with butter or margarine",2.341016179840949e-05
"Asparagus, frozen, cooked with oil",0.0007758619361659669
"Asparagus, frozen, cooked with butter or margarine",0.0005112884004159213
"Asparagus, canned, cooked with oil",2.806527983700846e-05
"Asparagus, canned, cooked with butter or margarine",0.0004783895875721811
"Bamboo shoots, cooked",0.00012325614216024405
"Bean sprouts, cooked",6.57306453746287e-05
"Beets, fresh, cooked, no added fat",0.00027906816549361224
"Beets, canned, cooked, no added fat",9.40431017717458e-05
"Beets, fresh, cooked, fat added",0.00012053488774458025
"Beets, canned, reduced sodium, cooked",0.0003715223024780556
"Bitter melon, cooked",0.00015910870527946486
"Broccoflower, cooked",0.00016113705436282544
"Brussels sprouts, fresh, cooked, no added fat",0.00020874708802054442
"Brussels sprouts, frozen, cooked, no added fat",0.00012150550148071204
"Brussels sprouts, frozen, cooked, fat added",0.0009402251882821844
"Burdock, cooked",0.0009175719518239589
"Cactus, cooked, fat added",8.317336622276628e-05
"Cauliflower, fresh, cooked, no added fat",0.00011638310130202001
"Cauliflower, frozen, cooked, no added fat",0.000235518945142843
"Cauliflower, frozen, cooked, fat added, NS as to fat type",0.0002863041237084474
"Cauliflower, fresh, cooked with oil",4.505666413123777e-05
"Cauliflower, fresh, cooked with butter or margarine",2.0482790379361404e-06
"Cauliflower, frozen, cooked with oil",0.0001551284353098481
"Cauliflower, frozen, cooked with butter or margarine",0.00010683121679377905
"Celery, cooked",0.0008162603617840603
"Fennel bulb, cooked",4.273058679160613e-05
"Christophine, cooked",1.162547466648789e-05
"Cucumber, cooked",6.128076028666385e-05
"Eggplant, cooked, no added fat",6.42553796605938e-05
"Eggplant, cooked, fat added",5.643712210456897e-05
"Flowers or blossoms of sesbania, squash, or lily, cooked",1.2302511228412527e-05
"Kohlrabi, cooked",0.0001048433276491477
"Lotus root, cooked",0.030055682639979153
"Mushrooms, fresh, cooked, no added fat",0.00013113685709542375
"Mushrooms, canned, cooked",0.00017681065908270455
"Mushrooms, fresh, cooked with oil",5.595321521134622e-05
"Mushrooms, fresh, cooked with butter or margarine",0.00028502926259221795
"Mushroom, Asian, cooked, from dried",4.258600496306224e-05
"Okra, fresh, cooked, no added fat",0.0033367787250497827
"Okra, frozen, cooked, no added fat",0.00024696814280567025
"Okra, frozen, cooked, fat added",9.876091808551595e-05
"Palm hearts, cooked",0.0005597014631089081
"Parsnips, cooked",3.1233768257976635e-05
"Peppers, green, cooked",6.599147579500197e-05
"Daikon radish, cooked",0.0001398720279031096
"Rutabaga, cooked",4.379760276052025e-05
"Salsify, cooked",6.601161694952395e-05
"Snowpea, fresh, cooked, no added fat",0.0003268691423521375
"Snowpea, frozen, cooked, no added fat",3.503668294513318e-05
"Snowpea, frozen, cooked, fat added",0.0001299910054690656
"Seaweed, cooked, fat added",8.818839256896638e-05
"Summer squash, yellow or green, fresh, cooked, no added fat",0.0003254703274713222
"Summer squash, yellow or green, frozen, cooked, no added fat",2.7082544969303513e-05
"Summer squash, yellow or green, canned, cooked, no added fat",0.0002794914195867193
"Summer squash, yellow or green, frozen, cooked, fat added, NS as to fat type",0.00012559683761281804
"Summer squash, yellow or green, canned, cooked, fat added, NS as to fat type",0.0003230482764191578
"Summer squash, yellow or green, fresh, cooked with oil",0.0001419416132524276
"Summer squash, yellow or green, fresh, cooked with butter or margarine",0.0002933089645331677
"Summer squash, yellow or green, frozen, cooked with oil",0.00011723105745886642
"Summer squash, yellow or green, frozen, cooked with butter or margarine",0.0002308085457425335
"Summer squash, yellow or green, canned, cooked with oil",0.0005066866547362991
"Summer squash, yellow or green, canned, cooked with butter or margarine",0.0002913921089291449
"Turnip, cooked",0.00020766958059681428
"Winter melon, cooked",8.304166642503219e-05
"Peppers and onions, cooked, no added fat",7.15987456612055e-05
"Peppers and onions, cooked, fat added",2.443903223436905e-05
"Classic mixed vegetables, cooked, from restaurant",2.2427420852011437e-05
"Classic mixed vegetables, frozen, cooked, no added fat",0.00030174465739604825
"Classic mixed vegetables, canned, cooked, no added fat",9.00131344990115e-06
"Classic mixed vegetables, canned, cooked, fat added, NS as to fat type",6.07117911517463e-05
"Classic mixed vegetables, frozen, cooked with oil",0.0002843074310749927
"Classic mixed vegetables, frozen, cooked with butter or margarine",0.0007879977772553559
"Classic mixed vegetables, canned, cooked with oil",0.0006350994047519265
"Classic mixed vegetables, canned, cooked with butter or margarine",3.6029388502001325e-05
"Classic mixed vegetables, canned, reduced sodium, cooked, no added fat",2.951190755950961e-05
"Classic mixed vegetables, canned, reduced sodium, cooked, fat added, NS as to fat type",0.00032640076440060284
"Classic mixed vegetables, canned, reduced sodium, cooked with oil",9.275094639339436e-06
"Classic mixed vegetables, canned, reduced sodium, cooked with butter or margarine",1.4509731538936421e-05
"Vegetables, stew type, cooked, fat added",0.000422359327323818
"Vegetables, stew type, cooked, no added fat",4.8068112155519316e-05
"Broccoli and cauliflower, cooked, no added fat",0.0001746138285145804
"Broccoli and cauliflower, cooked, fat added",9.110046687155204e-05
"Broccoli, cauliflower and carrots, cooked, no added fat",0.00015531551544079036
"Broccoli, cauliflower and carrots, cooked, fat added",2.456296981812045e-05
"Asian stir fry vegetables, cooked, no added fat",0.0004176518752405656
"Asian stir fry vegetables, cooked, fat added",4.867089048232742e-05
"Jai, Monk's Food",0.0001572564107998886
"Pasta, vegetable, cooked",0.013987993037691382
"Noodles, cooked",0.007631945310649257
"Noodles, vegetable, cooked",0.012452822845750333
"Long rice noodles, made from mung beans, cooked",0.09250539910817501
"Rice noodles, cooked",0.05019602966206804
"Pasta, cooked",0.01539978444797896
"Pasta, gluten free",0.021824412370978763
"Barley, fat added",0.015405245006265389
"Buckwheat groats, fat added",0.016964004196742266
"Millet, fat added",0.013279639804331111
"Quinoa, no added fat",0.003690309334325903
"Bulgur, fat added",0.018537116936713005
"Couscous, plain, cooked",0.01602832380214103
"Nectarine, raw",0.00019448309712366552
"Peach, canned, NFS",0.00011240866187023357
"Peach, canned, in syrup",0.00036635844209875756
"Peach, canned, juice pack",0.00012128955851231638
"Pear, raw",0.00012718247156406903
"Pear, Asian, raw",0.00011138793773923794
"Pear, canned, NFS",2.3703695433141547e-06
"Pear, canned, in syrup",4.050748963102535e-05
"Pear, canned, juice pack",0.00011730432572522506
"Pork, ground or patty, cooked",0.0002087258300509376
"Pork, ground or patty, breaded, cooked",2.809570176331988e-05
"Pork chop, breaded or floured, broiled or baked, lean only eaten",0.006749854994865245
"Pork chop, battered, fried, lean only eaten",0.0001472138518820998
"Pork steak or cutlet, battered, fried, lean only eaten",0.0001797703068735501
"Pork steak or cutlet, breaded or floured, broiled or baked, lean only eaten",9.007995942589275e-05
"Pork steak or cutlet, breaded or floured, fried, NS as to fat eaten",0.0005389115877552086
"Pork steak or cutlet, breaded or floured, fried, lean and fat eaten",0.0035747400361483272
"Pork steak or cutlet, breaded or floured, fried, lean only eaten",0.0009812926833472346
"Pork, tenderloin, breaded, fried",0.0006757934282166644
"Pork, tenderloin, battered, fried",0.0004754904635095869
"Ham, fresh, cooked, lean only eaten",0.0007040516016907361
"Fried pork chunks, Puerto Rican style",0.0015680703584930455
"Pork roast, shoulder, cooked, lean only eaten",0.0001744519792694632
"Pork, spareribs, cooked, lean only eaten",6.042395061633954e-05
"Pork, spareribs, barbecued, with sauce, lean only eaten",0.00012291861440871799
"Pork ears, tail, head, snout, miscellaneous parts, cooked",0.00042113285378775345
"Pork, neck bones, cooked",9.368118286445792e-05
"Pork, pig's feet, cooked",0.00011865471837602115
"Pork, pig's hocks, cooked",0.00023387689875420392
Pork skin rinds,1.2162734490879473e-05
"Pork skin, boiled",0.0013702800209802746
Soybean curd,2.184075115962969e-05
Soybean curd cheese,0.0011026880279221274
"Yogurt, soy",0.0055482652271443555
"Soybean curd, deep fried",0.0016523690173411154
"Soybean curd, breaded, fried",0.0006580727010110365
"Vermicelli, made from soybeans",0.0004344856741287373
"Textured vegetable protein, dry",5.5654984395303586e-05
"Frozen dessert, non-dairy",3.82397106530874e-05
"Bacon strip, meatless",0.00025490070770750606
"Breakfast link, pattie, or slice, meatless",2.1052397559882944e-05
"Chicken, meatless, NFS",6.236980067164666e-05
"Chicken, meatless, breaded, fried",0.013438057932257053
"Frankfurter or hot dog, meatless",0.004462662966986386
"Luncheon slice, meatless-beef, chicken, salami or turkey",0.0005173278378869384
"Meatball, meatless",0.00021358863973475195
"Vegetarian burger or patty, meatless, no bun",0.005321445878260889
"Sandwich spread, meat substitute type",0.0005743952714660423
"Vegetarian, fillet",0.0008268335630372547
"Soyburger, meatless, with cheese on bun",0.0010609334024866968
"Meat substitute, cereal- and vegetable protein-based, fried",0.007767133610759203
"Rice, white, cooked, made with oil",0.011430223328678935
"Rice, white, cooked, made with butter",0.004881263067071373
"Rice, white, cooked, made with margarine",0.02156313217422401
"Rice, white, cooked, fat added, NS as to fat type",0.021365501454287283
"Rice, brown, cooked, fat added, made with oil",0.019961039785941992
"Rice, brown, cooked, made with butter",0.0068609127264736
"Rice, brown, cooked, made with margarine",0.014165158058778715
"Rice, brown, cooked, fat added, NS as to fat type",0.0054244652831823
"Rice, cooked, with milk",7.788012503340269e-05
"Rice, sweet, cooked with honey",0.0033215090730323027
Congee,0.15504380603768375
"Yellow rice, cooked, fat added",0.00864368298099194
"Rice, white, cooked, glutinous",0.04783548407029414
"Rice, wild, 100%, cooked, no added fat",0.004175942627311358
"Rice, white and wild, cooked, no added fat",0.062209486309564355
"Rice, brown and wild, cooked, no added fat",0.015109641424292164
"Rice, brown and wild, cooked, fat added",0.00471527428927665
"Rice, brown and wild, cooked, NS as to fat",0.0031738653030277675
"Rice, white, cooked with fat, Puerto Rican style",0.0015999956274015403
"Frog legs, NS as to cooking method",0.0005980794897322284
"Frog legs, steamed",3.0462061275216e-05
"Octopus, cooked, NS as to cooking method",0.00014447113246518484
"Octopus, dried",0.0025959561349377935
"Octopus, smoked",0.00018162613165628727
"Squid, raw",0.0006243166243127263
"Squid, baked or broiled, fat added",0.0001379973134838508
"Squid, baked or broiled, no added fat",3.574566331110418e-05
"Squid, coated, baked or broiled, fat added",0.0001378407400274284
"Squid, coated, baked or broiled, no added fat",0.0010305677495665577
"Squid, coated, fried",0.0015356938189281522
"Squid, steamed or boiled",0.00013494168069172474
"Squid, dried",0.0013885725753560616
"Squid, pickled",9.393650842604018e-05
"Squid, canned",0.00023426341715548915
"Turtle, cooked, NS as to cooking method",0.0002398798789844392
"Abalone, cooked, NS as to cooking method",0.0017982168262022924
"Abalone, floured or breaded, fried",0.00011180346466943547
"Abalone, steamed or poached",0.008964359497007024
"Clams, raw",0.00018245938726124677
"Clams, baked or broiled, no added fat",0.0012139447817887117
"Clams, coated, baked or broiled, fat added",0.0001818198065368648
"Clams, coated, baked or broiled, no added fat",0.0008471163500463064
"Clams, coated, fried",0.0013065256488928867
"Clams, steamed or boiled",0.00039369349156181954
"Clams, canned",0.0034737634435622056
"Clams, smoked, in oil",0.00042655584151951587
"Crab, baked or broiled, fat added",0.00028047063541158934
"Crab, baked or broiled, no added fat",0.0001269238246930371
"Crab, coated, baked or broiled, fat added",0.00016589745006712064
"Crab, coated, baked or broiled, no added fat",0.0005048596445611508
"Crab, canned",0.0004267716827524026
"Crab, soft shell, coated, fried",9.034015666742334e-05
"Crayfish, coated, fried",0.0003718895836613001
"Crayfish, boiled or steamed",0.0002473493593768694
"Lobster, baked or broiled, fat added",9.30808948194084e-05
"Lobster, baked or broiled, no added fat",1.15283688018053e-05
"Lobster, coated, fried",5.560965233719628e-05
"Lobster, coated, baked or broiled, fat added",3.194637913850329e-05
"Lobster, coated, baked or broiled, no added fat",4.277826247189864e-05
"Lobster, canned",0.00027529649305435555
"Mussels, raw",0.0014312054999603419
"Oysters, raw",6.207626769771935e-05
"Oysters, baked or broiled, fat added",0.00040291229063349476
"Oysters, baked or broiled, no added fat",6.905684925406774e-05
"Oysters, steamed",2.5691921788251193e-05
"Oysters, coated, baked or broiled, fat added",4.4166732671158115e-05
"Oysters, coated, baked or broiled, no added fat",0.0006128391792152854
"Oysters, canned",0.00082198572475356
"Oysters, smoked",1.1431994089150521e-05
"Scallops, baked or broiled, no added fat",3.723903855501476e-05
"Scallops, steamed or boiled",0.0026836927548412604
"Scallops, coated, fried",0.0004080369059060729
"Scallops, coated, baked or broiled, fat added",9.551716034816153e-05
"Scallops, coated, baked or broiled, no added fat",0.002734970012403082
"Shrimp, baked or broiled, made with oil",0.0006636288171133486
"Shrimp, baked or broiled, made with butter",3.084853674728549e-05
"Shrimp, baked or broiled, made with margarine",0.00021626905548899344
"Shrimp, baked or broiled, no added fat",0.00038354062645318265
"Shrimp, baked or broiled, made with cooking spray",0.0005905313376590726
"Shrimp, steamed or boiled",0.0002833267411315177
"Shrimp, coated, fried, made with butter",4.0837724373687934e-05
"Shrimp, coated, fried, made with margarine",0.0009216510974123793
"Shrimp, coated, fried, no added fat",0.0009727501303302688
"Shrimp, coated, fried, made with cooking spray",7.157711661598398e-05
"Shrimp, coated, fried, from fast food / restaurant",5.208036484738443e-05
"Shrimp, coated, baked or broiled, made with oil",0.004825463813842745
"Shrimp, coated, baked or broiled, made with butter",0.000169749530574137
"Shrimp, coated, baked or broiled, made with margarine",0.00126346100807595
"Shrimp, coated, baked or broiled, no added fat",0.0007257887654490128
"Shrimp, coated, baked or broiled, made with cooking spray",9.295622527716318e-05
"Shrimp, dried",1.645406094397117e-05
"Shrimp, canned",0.00024714561343053276
"Snails, cooked, NS as to cooking method",0.0008856117171092137
Lobster with butter sauce,1.2853952888747244e-06
Shrimp cocktail,0.00015045083984865926
Seafood sauce,0.000676919027727152
Shrimp scampi,0.0022831832356011716
"Spinach, fresh, cooked, no added fat",3.2061010319495153e-05
"Spinach, frozen, cooked, no added fat",0.001301499919776461
"Spinach, fresh, cooked with oil",1.2122028781647032e-05
"Spinach, fresh, cooked with butter or margarine",0.00012012119538873378
"Spinach, frozen, cooked, fat added, NS as to fat type",0.00021152065491492067
"Spinach, canned, cooked, fat added, NS as to fat type",0.00018094111652189326
"Spinach, frozen, cooked with oil",0.00023528222923552278
"Spinach, frozen, cooked with butter or margarine",8.589631199029668e-05
"Spinach, canned, cooked with oil",0.0001758356861234489
"Spinach, canned, cooked with butter or margarine",0.00021331051344475327
"Spinach, creamed",6.523243217060326e-05
"Strawberries, raw",9.524812671912741e-05
"Strawberries, canned",8.229269890414059e-05
"Strawberries, frozen",4.982678265719187e-05
"Green beans, raw",0.0004659572321656924
"Green beans, cooked, from restaurant",8.252624338567216e-05
"Green beans, fresh, cooked, no added fat",1.3358531667506668e-06
"Green beans, frozen, cooked, no added fat",0.00010582769106193268
"Green beans, canned, cooked, no added fat",0.00010579825785583807
"Green beans, NS as to form, cooked",1.1224005904253431e-05
"Green beans, fresh, cooked, fat added, NS as to fat type",1.396100413408874e-05
"Green beans, canned, cooked, fat added, NS as to fat type",6.800806122586711e-05
"Green beans, fresh, cooked with oil",9.156569411139515e-05
"Green beans, fresh, cooked with butter or margarine",0.00012684047166189316
"Green beans, frozen, cooked with oil",4.061111506636905e-05
"Green beans, frozen, cooked with butter or margarine",3.415340550994017e-05
"Green beans, canned, cooked with oil",0.0002106026742367817
"Green beans, canned, cooked with butter or margarine",0.00021189487138961738
"Green beans, canned, reduced sodium, cooked, no added fat",9.253717323787214e-05
"Green beans, canned, reduced sodium, cooked, fat added, NS as to fat type",0.00014393198954110176
"Green beans, canned, reduced sodium, cooked with oil",0.0001184609094355693
"Green beans, canned, reduced sodium, cooked with butter or margarine",0.00015010339555843188
"Sugar, white, confectioner's, powdered",6.040578318788903e-05
"Sugar, brown",0.00024605156665025163
"Sugar, cinnamon",0.00016905754322138478
Honey,3.1476901490634646e-05
Agave liquid sweetener,0.00019452694714061636
Molasses,0.00010487645612755614
"Tomatoes, raw",0.0003283864336882658
Sun-dried tomatoes,0.00019379168565562856
"Ostrich, cooked",0.0032145031531243262
"Turkey, light meat, breaded, baked or fried, skin not eaten",0.00027208864840311264
"Turkey, light meat, breaded, baked or fried, skin eaten",0.0007115402595516684
"Turkey, dark meat, roasted, skin not eaten",5.104612555939525e-05
"Turkey, dark meat, roasted, skin eaten",0.00033079438301619746
"Turkey, light and dark meat, roasted, skin not eaten",0.009661408421907325
"Turkey, light and dark meat, roasted, skin eaten",0.002161891067206767
"Turkey, light or dark meat, fried, coated, skin not eaten",0.0051460530508418145
"Turkey, light or dark meat, fried, coated, skin eaten",0.0004877599504453656
"Turkey, light or dark meat, stewed, skin not eaten",0.007782283416782221
"Turkey light or dark meat, stewed, skin eaten",0.0005201128477985151
"Turkey, light or dark meat, smoked, skin eaten",0.00020532103844672633
"Turkey, light or dark meat, smoked, skin not eaten",0.0006184976395982034
"Turkey, drumstick, cooked, skin eaten",0.00037825981330996683
"Turkey, drumstick, roasted, skin eaten",0.0024841803758128833
"Turkey, drumstick, smoked, skin eaten",4.4872704961562704e-05
"Turkey, thigh, cooked, skin eaten",0.0002768603943952286
"Turkey, thigh, cooked, skin not eaten",0.0009773424185635093
"Turkey, neck",0.00018963472820487937
"Turkey, wing, cooked, skin eaten",3.000905273609078e-05
"Turkey, wing, smoked, skin eaten",0.0019231524936529354
"Turkey, tail",7.620602510982621e-05
"Turkey, back",0.0001457334592807058
"Turkey, nuggets",0.003621153096185381
"Duck, pressed, Chinese",0.00010425589590390416
"Goose, wild, roasted",0.0001868297301346189
"Dove, cooked, NS as to cooking method",0.0032702727472671
"Dove, fried",0.002784666685769821
"Quail, cooked",0.0004914049615720728
"Pheasant, cooked",0.00013153803243959317
Beet juice,3.677334660423526e-05
"Carrot juice, 100%",0.0003283385971410979
"Tomato juice, 100%",5.63439654008846e-05
Mixed vegetable juice,3.684186822638935e-05
"Yogurt, Greek, whole milk, plain",3.53041957765754e-05
"Yogurt, Greek, nonfat milk, plain",0.0002641655616759664
"Yogurt, Greek, whole milk, fruit",9.892124522181689e-06
"Yogurt, Greek, nonfat milk, fruit",8.27277904260626e-05
"Yogurt, Greek, whole milk, flavors other than fruit",8.760121924874788e-05
"Yogurt, Greek, nonfat milk, flavors other than fruit",7.37593222712718e-05
"Yogurt, Greek, with oats",0.0003607707178385766
"Yogurt, whole milk, plain",7.122504311429346e-05
"Yogurt, nonfat milk, plain",3.6091005792826536e-06
"Yogurt, whole milk, fruit",1.6120104030292737e-05
"Yogurt, nonfat milk, fruit",3.927536475956117e-05
"Yogurt, whole milk, flavors other than fruit",0.00017532810572440383
"Yogurt, nonfat milk, flavors other than fruit",2.908408960600184e-05
"Yogurt, liquid",0.0011538369212171773
"Yogurt parfait, low fat, with fruit",0.00015765998832861783
"Yogurt, coconut milk",0.00011176629427467333
"Apple juice, 100%",4.562716216582885e-05
"Applesauce, regular",0.00024391718649319216
"Beef, bacon, reduced sodium, cooked",1.1669532215208278e-05
"Pork bacon, smoked or cured, cooked",2.5657442590087953e-05
"Bacon, NS as to type of meat, reduced sodium, cooked",0.001117535724368679
"Salt pork, cooked",0.0007624034156190618
"Beans, from dried, NS as to type, fat added",0.008034570071693281
"White beans, from dried, fat added",0.00934747748872411
"White beans, from canned, reduced sodium",0.002789964849869264
"Black beans, from dried, fat added",0.005686160983895405
"Black beans, from canned, fat added",0.009745899018339443
"Lima beans, NFS",0.001969541212048398
"Pinto beans, NFS",0.013015197798750933
"Pinto beans, from canned, reduced sodium",0.0028013339139523197
"Kidney beans, from dried, fat added",0.007891854506027585
Baked beans,0.00026040779879110687
"Blackeyed peas, NFS",7.203235926667162e-05
"Chickpeas, from dried, fat added",6.376565810839452e-05
"Chickpeas, from canned, fat added",5.8922615648882015e-05
"Lentils, from dried, fat added",0.0028654618480032923
"Beef steak, fried, NS as to fat eaten",0.0005019500335095017
"Beef steak, NS as to cooking method, lean and fat eaten",8.681465927118381e-05
"Beef steak, breaded or floured, baked or fried, lean only eaten",0.0024743262100788144
"Beef, stew meat, cooked, NS as to fat eaten",9.121007753698507e-05
"Beef, shortribs, cooked, NS as to fat eaten",1.347889730318741e-05
"Beef, shortribs, barbecued, with sauce, NS as to fat eaten",4.240433362066455e-05
"Beef brisket, cooked, NS as to fat eaten",0.00025559874137748295
"Veal, roasted, lean and fat eaten",0.00012202411686601522
"Veal chop, broiled, lean and fat eaten",0.00011133418974829112
"Veal chop, NS as to cooking method, lean only eaten",7.57244707561e-05
"Veal cutlet or steak, fried, NS as to fat eaten",0.0005957264689406827
"Veal cutlet or steak, broiled, lean only eaten",0.0035340026435157768
"Veal cutlet or steak, broiled, lean and fat eaten",0.0002948540415435019
"Raspberries, raw",0.00019998008573018922
"Broccoli, NS as to form, cooked",0.000182784091501631
"Butter, stick",9.109564967602068e-05
"Butter-oil blend, NFS",0.0022892915859547003
"Butter-oil blend, light",1.4897359635668295e-05
"Carrots, NS as to form, cooked",1.9281901222356623e-05
"Cheese, Gouda or Edam",0.0003038505009200776
"Cheese, Mozzarella, NFS",7.838232663355321e-05
"Cheese, Parmesan, hard",7.44688861189502e-05
Queso Fresco,0.00011393758494904205
"Cheese, American",1.3187773957030835e-05
"Cheese spread, pressurized can",0.00035535623529980853
"Chicken, NS as to part, rotisserie, NS as to skin eaten",0.0004576276221346376
"Chicken, NS as to part and cooking method, skin eaten",0.0012893105844877795
"Chicken, NS as to part, baked, broiled, or roasted, NS as to skin eaten",0.0003540265162271794
"Chicken, NS as to part, stewed, NS as to skin eaten",6.02072781941132e-05
"Chicken, NS as to part, sauteed, skin not eaten",0.00019720978025539182
"Chicken, NS as to part, grilled without sauce, skin eaten",0.0010775145576324974
"Chicken, NS as to part, grilled with sauce, skin not eaten",0.0003480238136432945
"Chicken, NS as to part, fried, coated, skin / coating eaten",0.0002897541956183858
"Chicken, NS as to part, fried, coated, skin / coating not eaten",0.0006156080989327961
"Chicken breast, baked or broiled, skin eaten, from pre-cooked",0.00040940042106818453
"Chicken breast, baked or broiled, skin not eaten, from pre-cooked",0.0023332090271246386
"Swordfish, steamed or poached",0.0028401570845577595
"Chicken breast, sauteed, skin eaten",0.0037614131161074482
"Chicken breast, sauteed, skin not eaten",0.005221486684089172
"Chicken leg, drumstick and thigh, NS as to cooking method, skin eaten",0.00019355223312800263
"Chicken leg, drumstick and thigh, rotisserie, skin not eaten",0.0008511196821512357
"Chicken leg, drumstick and thigh, grilled without sauce, skin eaten",0.0002620225720786351
"Chicken leg, drumstick and thigh, baked, coated, skin / coating not eaten",1.899498306201508e-05
"Chicken drumstick, NS as to cooking method, skin eaten",0.005929918638729603
"Chicken drumstick, baked or broiled, skin not eaten, from pre-cooked",0.007850966343488253
"Chicken drumstick, grilled without sauce, skin eaten",0.0008809230409116964
"Chicken drumstick, sauteed, skin not eaten",0.002807689087635623
"Chicken thigh, baked or broiled, skin eaten, from pre-cooked",0.00017459432976529854
"Chicken thigh, NS as to cooking method, skin not eaten",0.0005987407208447593
"Chicken thigh, baked or broiled, skin eaten, from fast food / restaurant",7.62016736644e-05
"Chicken thigh, grilled without sauce, skin not eaten",0.0015355053814865016
"Chicken thigh, fried, coated, skin / coating eaten, from fast food",0.00292009758732803
"Chicken thigh, fried, coated, skin / coating not eaten, from restaurant",0.0005950152933369424
"Chicken wing, baked or broiled, from pre-cooked",0.00017555902505961285
"Chicken wing, sauteed",0.0002193054083274859
"Chicken wing, fried, coated, from pre-cooked",0.0004058759297151937
"Chicken ""wings"", plain, from fast food / restaurant",0.00033610214154808306
"Turkey, canned",0.0017313223138728517
"Chicken, ground",9.32191325517806e-05
"Clementine, raw",0.00043599951503736634
"Fruit cocktail, canned, NFS",9.900643350491123e-06
"Grapefruit juice, 100%, canned, bottled or in a carton",0.0002615328812787254
"Orange juice, 100%, frozen, reconstituted",1.015848649643658e-05
"Corn, fresh, cooked, no added fat",0.0003606415632262383
"Corn, canned, cooked, fat added, NS as to fat type",0.00013591438536408873
"Cheese, cottage, lowfat, lactose reduced",0.0002684458172605986
"Cream, NS as to light, heavy, or half and half",0.00036793853314875946
"Coffee creamer, liquid",2.317343727042953e-05
"Coffee creamer, liquid, fat free",4.4474074638145566e-05
"Coffee creamer,powder, sugar free, flavored",0.00013428787135794096
"Coffee creamer, powder, fat free",9.612973853201368e-05
"Whipped topping, sugar free",0.00011705192152255961
"Cheese spread, cream cheese, light",8.105382770118297e-05
"Egg, whole, fried no added fat",0.0001948798828461662
"Egg omelet or scrambled egg, NS as to fat type",0.00016955903718951504
"Egg omelet or scrambled egg, made with margarine",0.000449824070672733
"Egg, whole, fried, from fast food / restaurant",0.0028855050500808943
"Egg omelet or scrambled egg, made with butter",0.0004833359962681527
"Egg, whole, fried with animal fat or meat drippings",0.000180015486359153
"Egg omelet or scrambled egg, made with cooking spray",0.0028214472912928557
"Egg, white only, raw",0.0013320603178126333
"Egg white omelet, scrambled, or fried, NS as to fat",0.00023269155962246657
"Egg, yolk only, cooked, NS as to fat",6.819396793922294e-05
"Egg salad, made with light mayonnaise",0.0005280561223859337
"Egg omelet or scrambled egg, with meat, NS as to fat",8.541384342051307e-05
"Egg omelet or scrambled egg, with cheese and meat, NS as to fat type",0.00030103671138803634
"Egg omelet or scrambled egg, with tomatoes, fat added",0.00018560953622426268
"Egg omelet or scrambled egg, with tomatoes and dark-green vegetables, no fat added",0.00026278722439165847
"Egg omelet or scrambled egg, with dark-green vegetables, NS as to fat",4.2851288519329955e-05
"Egg omelet or scrambled egg, with vegetables other than dark green and/or tomatoes, no added fat",0.010049026897897662
"Egg omelet or scrambled egg, with tomatoes and dark-green vegetables, NS as to fat",0.00024175192114128663
"Egg omelet or scrambled egg, with cheese and dark-green vegetables, NS as to fat",0.0005494206820966241
"Egg omelet or scrambled egg, with cheese and dark-green vegetables, no added fat",6.822523429050875e-05
"Egg omelet or scrambled egg, with cheese, tomatoes, and dark-green vegetables, NS as to fat",1.725027129850787e-05
"Egg omelet or scrambled egg, with meat and tomatoes, NS as to fat",0.0001522474775406124
"Egg omelet or scrambled egg, with meat and dark-green vegetables, NS as to fat",0.0041904018717637825
"Egg omelet or scrambled egg, with meat and vegetables other than dark-green and/or tomatoes, no added fat",1.747065381785262e-05
"Egg omelet or scrambled egg, with meat, tomatoes, and dark-green vegetables, fat added",0.0014603926062441985
"Egg omelet or scrambled egg, with cheese, meat, and tomatoes, fat added",1.0261358340812876e-06
"Egg omelet or scrambled egg, with cheese, meat, and dark-green vegetables, fat added",2.156517460960572e-05
"Egg omelet or scrambled egg, with cheese, meat, and vegetables other than dark-green and/or tomatoes, no added fat",5.815858362367976e-05
"Egg omelet or scrambled egg, with cheese, meat, tomatoes, and dark-green vegetables, fat added",3.695699177974632e-05
"Egg omelet or scrambled egg, with potatoes and/or onions, fat added",0.00020109794286327087
"Fish, NS as to type, cooked, NS as to cooking method",0.0037397443541529185
"Salmon, baked or broiled, no added fat",0.0010560179313952034
"Fish, NS as to type, dried",0.00019800472947828496
"Tuna, canned, water pack",0.012338739550754596
"Salmon, smoked",0.009416463468447489
"Fish stick, patty or nugget from fast food",0.0007649568588588211
"Anchovy, canned",0.00120246890261555
"Barracuda, baked or broiled, fat added",0.0022675579707858162
"Barracuda, steamed or poached",0.0009362530161922678
"Carp, coated, fried",0.0030330606080948286
"Carp, baked or broiled, no added fat",0.0024637672546869993
"Catfish, cooked, NS as to cooking method",0.002312200347972748
"Catfish, baked or broiled, no added fat",0.003300750296199695
"Cod, cooked, NS as to cooking method",0.00830694859168446
"Cod, steamed or poached",0.006347790031759004
"Croaker, baked or broiled, fat added",0.00026483434734636546
"Croaker, steamed or poached",0.0009178099019919728
"Flounder, coated, fried, made with oil",0.0022705747697777667
"Flounder, baked or broiled, no added fat",6.348626513563715e-05
"Haddock, cooked, NS as to cooking method",0.001917519924678146
"Halibut, cooked, NS as to cooking method",0.002410957079240106
"Whiting, coated, baked or broiled, made with cooking spray",0.0037987841653350785
"Whiting, baked or broiled, no added fat",0.004831317553820824
"Herring, cooked, NS as to cooking method",0.0024279808519622748
"Mackerel, cooked, NS as to cooking method",0.0008569758265224436
"Tuna, fresh, smoked",0.003376394245401926
"Mullet, coated, fried",0.0001345400965191993
"Ocean perch, baked or broiled, fat added",0.0038594697591047833
"Perch, cooked, NS as to cooking method",0.0014556432783336959
"Perch, baked or broiled, made with margarine",0.0037815179447040492
"Pike, steamed or poached",0.006625183854550798
"Pompano, cooked, NS as to cooking method",0.0003202861582991545
"Porgy, cooked, NS as to cooking method",0.0032244413790216697
"Ray, baked or broiled, fat added",2.5989107040658155e-05
"Ray, baked or broiled, no added fat",0.000573942519041637
"Ray, coated, baked or broiled, fat added",0.0005472083718007781
"Ray, coated, baked or broiled, no added fat",0.0035849925613362643
"Shark, coated, fried",0.001381534973916132
"Shark, steamed or poached",0.0006766947534675438
"Salmon, baked or broiled, made with oil",0.0009303075427222751
"Salmon, baked or broiled, made with margarine",0.003711312061042804
"Sardines, cooked",0.0003495552446075578
"Sea bass, baked or broiled, fat added",0.0012221314113443071
"Sea bass, baked or broiled, no added fat",0.004443991894149235
"Sturgeon, baked or broiled, fat added",0.0016932524527799586
"Swordfish, cooked, NS as to cooking method",0.0024973780853656535
"Trout, cooked, NS as to cooking method",0.001964198542903972
"Tuna, fresh, baked or broiled, fat added",0.0002455550625448666
"Whiting, coated, fried, made with oil",0.00012275005716239624
"Tilapia, baked or broiled, made with oil",0.0015973653264538257
"Tilapia, baked or broiled, no added fat",0.0017891287081379659
"Ground meat, NFS",0.0016938192303435073
"Lamb chop, NS as to cut, cooked, lean and fat eaten",0.0002485331959185544
"Lamb chop, NS as to cut, cooked, lean only eaten",0.00018784388025139265
"Lamb, shoulder chop, cooked, lean and fat eaten",2.57712847115954e-05
"Lamb, ribs, cooked, lean and fat eaten",2.010196584008077e-05
"Lamb, roast, cooked, lean and fat eaten",0.00025501304343045206
"Goat ribs, cooked",0.002964715973323706
"Rabbit, NS as to domestic or wild, cooked",0.00027328049305630486
"Venison/deer, NFS",0.0017966006357124087
"Mango, raw",0.00020746094981838326
"Margarine, stick",2.329080609896937e-05
"Margarine, tub",0.0032469769905585366
"Margarine-oil blend, tub, light",4.050229470742295e-05
"Milk, calcium fortified, low fat (1%)",3.443073252107354e-05
"Buttermilk, fat free (skim)",9.639221376478598e-05
"Milk, fat free (skim)",0.00025275887125353336
"Milk, dry, reconstituted, fat free (skim)",5.283814719092561e-07
"Milk, lactose free, reduced fat (2%)",0.0005458218470941745
"Milk, whole",9.020341427934397e-05
"Milk, evaporated, NS as to fat content",2.981794458456477e-05
"Mixed nuts, with peanuts, salted",0.0006393237097803706
"Cashews, NFS",0.0019454174487254505
"Peanuts, NFS",0.0030807064321386334
"Peanuts, roasted, salted",0.0005494963622751925
"Pecans, NFS",0.001598939320341941
Almond butter,0.0005862152368720785
"Trail mix, NFS",2.8451466587142704e-06
"Pumpkin seeds, unsalted",0.008889980087202431
"Sunflower seeds, NFS",0.00035943710154562325
Flax seeds,0.0015850282025695606
"Oatmeal, from fast food, other flavors",1.2875186980565445e-05
"Oatmeal, regular or quick, made with water, NS as to fat",0.03419272133635687
"Oatmeal, regular or quick, made with water, no added fat",0.057948696592205806
"Oatmeal, regular or quick, made with milk, NS as to fat",0.0001440436221873398
"Oatmeal, regular or quick, made with non-dairy milk, fat added",4.508144699499894e-05
"Oatmeal, instant, plain, made with water, NS as to fat",0.018457362196475202
"Oatmeal, instant, plain, made with milk, NS as to fat",6.251644978583215e-05
"Oatmeal, instant, plain, made with non-dairy milk, fat added",0.00017786218636572926
"Oatmeal, instant, other flavors, fat added",0.0001208436515298672
"Oatmeal, instant, maple flavored, no added fat",0.00010776536094070366
"Oatmeal, instant, fruit flavored, NS as to fat",0.00018969413580371963
"Oatmeal, reduced sugar, flavored, NS as to fat",0.0002654161430530877
"Oatmeal, reduced sugar, plain, no added fat",0.00042532120779092963
"Oatmeal, multigrain, NS as to fat",0.0475771801004754
"Collards, canned, cooked, no added fat",5.387711776805304e-05
"Collards, fresh, cooked, fat added, NS as to fat type",0.005322103520867927
"Kale, canned, cooked, fat added",4.638260098843716e-05
"Cress, cooked",1.1060076978708366e-06
"Greens, fresh, cooked, fat added",0.0032969727987772757
"Kale, fresh, cooked, fat added",0.0007560461862432533
"Mustard greens, fresh, cooked, fat added",4.416037530852179e-05
"Turnip greens, fresh, cooked, fat added",0.0003912444854226038
"Cherries, raw",0.0001907483935124077
"Pineapple, canned, in syrup",0.00021305877801935935
"Fruit cocktail, canned, juice pack",6.452644623894556e-05
"Calabaza, cooked",0.00024701272640470506
"Sweet potato, boiled, NS as to fat",0.0001716125123234491
"Sweet potato, baked, peel eaten, fat added, NS as to fat type",0.00031000065407660315
"Sweet potato, baked, peel not eaten, fat added, NS as to fat type",7.083660186069096e-05
"Sweet potato, boiled, no added fat",0.00046492492255900686
"Sweet potato, canned, fat added",0.00027783007643478186
"Green banana, cooked in salt water",8.23726553633719e-06
"Green banana, fried",0.00021610142901629104
"Taro, cooked",0.016969356614557896
"Lima beans, from canned",0.02333210276123765
"Blackeyed peas, from frozen",0.0009529560738581466
"Green peas, NS as to form, cooked",0.0002304666665349231
"Peas and carrots, cooked, NS as to form",0.00020704427572937334
"Sprouts, NFS",0.0002655451871103054
"Artichoke, canned, cooked, no added fat",0.12796995253641796
"Cactus, raw",0.00010350227574207338
"Celery, raw",0.0001646372772103888
"Pepper, sweet, green, raw",0.0002817801411083565
"Seaweed, cooked, no added fat",0.010037051017189214
"Artichoke, canned, cooked, fat added",0.005702745259876352
"Asparagus, fresh, cooked, fat added, NS as to fat type",4.0424873892774826e-05
"Beets, canned, cooked, fat added",7.982465979416986e-05
"Brussels sprouts, fresh, cooked, fat added",0.00031123154743006864
"Cauliflower, NS as to form, cooked",0.00018039625034305118
"Mushrooms, fresh, cooked, fat added, NS as to fat type",6.456738166349396e-05
"Okra, fresh, cooked, fat added",8.779727413710248e-05
"Snowpea, NS as to form, cooked",0.0003439230193568636
"Summer squash, yellow or green, fresh, cooked, fat added, NS as to fat type",3.2044929961116964e-05
"Classic mixed vegetables, NS as to form, cooked",0.00022960521016912594
"Noodles, whole grain, cooked",0.01786380153654754
"Barley, no added fat",0.03503936044090317
"Buckwheat groats, no added fat",0.03124771457403952
"Millet, no added fat",0.05739201389911308
"Quinoa, NS as to fat",0.015308055875673077
"Bulgur, no added fat",0.060274678846427676
"Peach, raw",0.000825450234129832
"Pineapple, frozen",0.0002904253947857427
"Pork chop, fried, lean and fat eaten",0.0001599287016453843
"Pork chop, fried, lean only eaten",0.00043193291625698294
"Pork chop, breaded or floured, fried, lean only eaten",0.0010036959123169709
"Pork chop, breaded or floured, fried, lean and fat eaten",0.0017311317065988874
"Pork, pickled, NS as to cut",0.0001382367613178559
"Pork chop, breaded or floured, broiled or baked, NS as to fat eaten",0.00019583863134897683
"Pork chop, battered, fried, lean and fat eaten",0.0007927078143943334
"Pork steak or cutlet, broiled or baked, NS as to fat eaten",5.8907218411619056e-05
"Pork steak or cutlet, broiled or baked, lean only eaten",0.0002586840774778665
"Pork steak or cutlet, battered, fried, lean and fat eaten",0.00010426792965390064
"Pork steak or cutlet, breaded or floured, broiled or baked, NS as to fat eaten",0.0003534456213500903
"Pork, tenderloin, baked",0.000399828546425951
"Ham, fresh, cooked, NS as to fat eaten",6.83496955034002e-07
"Pork roast, loin, cooked, NS as to fat eaten",0.0001307646884368452
"Pork roast, loin, cooked, lean only eaten",7.41626944318341e-05
"Pork roast, shoulder, cooked, lean and fat eaten",0.00010764388729889163
"Pork, spareribs, cooked, lean and fat eaten",6.378856929067922e-05
"Pork, spareribs, barbecued, with sauce, lean and fat eaten",0.0003507004526748376
"Rice, cooked, NFS",0.03222846057468587
"Rice, brown, cooked, NS as to fat",0.05698485284800903
"Yellow rice, cooked, no added fat",0.014878265833056403
"Rice, wild, 100%, cooked, fat added",0.0030579169285775976
"Rice, white and wild, cooked, NS as to fat",0.017953222062914165
"Octopus, steamed",0.00017114064510970195
"Clams, cooked, NS as to cooking method",1.7873720777217272e-05
"Crab, hard shell, steamed",1.7024129455478487e-05
"Lobster, cooked, NS as to cooking method",4.846124553736786e-05
"Mussels, cooked, NS as to cooking method",0.0006247433752548659
"Oysters, cooked, NS as to cooking method",0.0012768283878585862
"Scallops, baked or broiled, fat added",0.00011211712116576678
"Shrimp, coated, fried, made with oil",3.883810981797353e-05
"Spinach, raw",0.010233554804786493
"Spinach, fresh, cooked, fat added, NS as to fat type",2.0740556987419723e-06
"Green beans, frozen, cooked, fat added, NS as to fat type",3.2748377975622134e-05
"Sugar, NFS",3.941717114663845e-05
"Tomatoes, fresh, cooked",4.87465084493266e-05
"Tomatoes, canned, reduced sodium, cooked",3.423151484760467e-05
"Turkey, NFS",0.0017126401675149339
"Turkey, light meat, roasted, skin eaten",0.00015909751276410589
"Turkey, drumstick, cooked, skin not eaten",7.572747621686915e-05
"Duck, cooked, skin eaten",0.00010791515511243688
"Duck, cooked, skin not eaten",2.2632744135719918e-05
"Cornish game hen, cooked, skin eaten",0.0004624564531745534
"Cornish game hen, roasted, skin not eaten",0.0003154069096922285
"Tomato juice, 100%, low sodium",8.737492999344454e-06
Tomato juice cocktail,8.761673225343714e-05
"Yogurt, Greek, NS as to type of milk or flavor",0.00012804043742598026
"Yogurt, Greek, low fat milk, fruit",0.00022436695431693465
"Yogurt, Greek, NS as to type of milk, flavors other than fruit",0.00027203057942948305
"Yogurt, low fat milk, plain",5.549657172743139e-05
"Yogurt, low fat milk, fruit",4.601578213225821e-05
"Yogurt, NS as to type of milk, flavors other than fruit",0.00020648549035051644
